{
    "function_name": "hashbrown::raw::raw::RawTableInner::new_uninitialized",
    "file_path": "/home/abezbm/rusty-unit/evaluation/hashbrown/rusty-unit-0/src/raw/mod.rs",
    "work_dir": "/home/abezbm/rust-utgen-test-crates-new/hashbrown",
    "tests": 81,
    "tests_lines": [
        18,
        18,
        17,
        17,
        17,
        17,
        17,
        17,
        17,
        17,
        35,
        36,
        36,
        36,
        37,
        38,
        38,
        38,
        39,
        40,
        40,
        40,
        41,
        42,
        42,
        42,
        43,
        44,
        44,
        44,
        45,
        46,
        46,
        46,
        47,
        48,
        48,
        48,
        49,
        50,
        50,
        50,
        51,
        52,
        52,
        52,
        18,
        19,
        20,
        21,
        23,
        24,
        24,
        29,
        34,
        39,
        11,
        11,
        11,
        11,
        10,
        10,
        11,
        11,
        11,
        11,
        11,
        12,
        10,
        11,
        11,
        12,
        12,
        14,
        12,
        12,
        13,
        13,
        12,
        12,
        12
    ],
    "oracles": 23,
    "oracles_compiled": 7,
    "oracles_compiled_rate": 30.434782608695656,
    "tests_compiled": 7,
    "tests_compiled_rate": 8.641975308641975,
    "oracles_run": 7,
    "oracles_passed": 0,
    "oracles_passed_rate": 0.0,
    "tests_run": 7,
    "tests_passed": 0,
    "tests_passed_rate": 0.0,
    "lines": 24,
    "lines_covered": 22,
    "lines_coveraged_rate": 91.66666666666666,
    "branches": 1,
    "branches_covered": 1,
    "branches_coverage_rate": 100.0,
    "codes_lines": [
        1525,
        1526,
        1527,
        1528,
        1529,
        1530,
        1531,
        1532,
        1533,
        1534,
        1537,
        1538,
        1539,
        1542,
        1543,
        1544,
        1548,
        1549,
        1550,
        1551,
        1552,
        1553,
        1554,
        1555
    ],
    "codes_lines_covered": [
        [
            [
                "{",
                "    let allocator = Global;  // Assuming Global is a valid allocator",
                "    let table_layout = TableLayout::new::<u8>();",
                "    let buckets = 0;  // Not a power of two",
                "    let result = unsafe { RawTableInner::new_uninitialized(&allocator, table_layout, buckets, Fallibility::Fallible) };",
                "    let allocator = Global;",
                "    let table_layout = TableLayout::new::<u8>();",
                "    let buckets = 0;",
                "    let result = unsafe { RawTableInner::new_uninitialized(&allocator, table_layout, buckets, Fallibility::Fallible) };",
                "    assert!(result.is_err());",
                "}"
            ],
            [
                1525,
                1526,
                1527,
                1528,
                1529,
                1530,
                1531,
                1532,
                1533,
                1534
            ]
        ],
        [
            [
                "{",
                "    let allocator = Global;  // Assuming Global is a valid allocator",
                "    let table_layout = TableLayout::new::<u8>();",
                "    let buckets = 1;  // Is a power of two, but may cause capacity overflow in calculate_layout_for",
                "    let result = unsafe { RawTableInner::new_uninitialized(&allocator, table_layout, buckets, Fallibility::Fallible) };",
                "    let allocator = Global;",
                "    let table_layout = TableLayout::new::<u8>();",
                "    let buckets = 1;",
                "    let result = unsafe { RawTableInner::new_uninitialized(&allocator, table_layout, buckets, Fallibility::Fallible) };",
                "    assert!(result.is_err());",
                "}"
            ],
            [
                1525,
                1526,
                1527,
                1528,
                1529,
                1530,
                1531,
                1532,
                1533,
                1534,
                1537,
                1538,
                1542,
                1543,
                1548,
                1549,
                1550,
                1551,
                1552,
                1553,
                1554,
                1555
            ]
        ],
        [
            [
                "{",
                "    let allocator = Global;  // Assuming Global is a valid allocator",
                "    let table_layout = TableLayout::new::<u8>();",
                "    let buckets = 3;  // Not a power of two",
                "    let result = unsafe { RawTableInner::new_uninitialized(&allocator, table_layout, buckets, Fallibility::Fallible) };",
                "    let allocator = Global;",
                "    let table_layout = TableLayout::new::<u8>();",
                "    let buckets = 3;",
                "    assert!(result.is_err());",
                "}"
            ],
            [
                1525,
                1526,
                1527,
                1528,
                1529,
                1530,
                1531,
                1532,
                1533,
                1534
            ]
        ],
        [
            [
                "{",
                "    let allocator = Global;  // Assuming Global is a valid allocator",
                "    let table_layout = TableLayout::new::<u8>();",
                "    let buckets = 5;  // Not a power of two",
                "    let result = unsafe { RawTableInner::new_uninitialized(&allocator, table_layout, buckets, Fallibility::Fallible) };",
                "    let allocator = Global;",
                "    let table_layout = TableLayout::new::<u8>();",
                "    let buckets = 5;",
                "    let result = unsafe { RawTableInner::new_uninitialized(&allocator, table_layout, buckets, Fallibility::Fallible) };",
                "    assert!(result.is_err());",
                "}"
            ],
            [
                1525,
                1526,
                1527,
                1528,
                1529,
                1530,
                1531,
                1532,
                1533,
                1534
            ]
        ],
        [
            [
                "{",
                "    let allocator = Global;  // Assuming Global is a valid allocator",
                "    let table_layout = TableLayout::new::<u8>();",
                "    let buckets = 7;  // Not a power of two",
                "    let result = unsafe { RawTableInner::new_uninitialized(&allocator, table_layout, buckets, Fallibility::Fallible) };",
                "    let allocator = Global;",
                "    let table_layout = TableLayout::new::<u8>();",
                "    let buckets = 7;",
                "    let result = unsafe { RawTableInner::new_uninitialized(&allocator, table_layout, buckets, Fallibility::Fallible) };",
                "    assert!(result.is_err());",
                "}"
            ],
            [
                1525,
                1526,
                1527,
                1528,
                1529,
                1530,
                1531,
                1532,
                1533,
                1534
            ]
        ],
        [
            [
                "{",
                "    let allocator = Global;  // Assuming Global is a valid allocator",
                "    let table_layout = TableLayout::new::<u8>();",
                "    let buckets = 9;  // Not a power of two",
                "    let result = unsafe { RawTableInner::new_uninitialized(&allocator, table_layout, buckets, Fallibility::Fallible) };",
                "    let allocator = Global;",
