{"function_name":"serde_json::de::<&mut de::Deserializer<R> as serde::Deserializer<'de>>::deserialize_struct","file_path":"/home/abezbm/rust-utgen-test-crates-new/json/src/de.rs","work_dir":"/home/abezbm/rust-utgen-test-crates-new/json","tests":183,"tests_lines":[29,30,30,30,34,34,30,30,38,38,38,38,42,46,46,46,30,30,34,34,38,38,42,42,46,46,50,50,30,30,30,30,30,30,30,30,29,29,29,30,31,30,31,30,30,30,31,31,31,31,35,39,43,47,33,32,33,33,34,35,36,36,31,32,36,37,41,45,32,32,36,41,46,51,34,35,35,37,38,40,41,42,43,44,37,41,46,51,37,37,37,37,37,37,43,49,54,57,62,12,14,16,17,17,17,17,17,17,18,13,16,17,36,36,41,41,46,46,51,51,56,56,32,32,32,33,34,34,37,44,51,58,37,38,45,52,59,35,38,41,44,47,50,53,31,31,31,31,31,31,31,31,31,31,26,26,26,29,29,29,32,24,24,24,24,24,24,24,24,24,24,30,37,44,51,30,30,20,21,22,22,22,22],"oracles":36,"oracles_compiled":1,"oracles_compiled_rate":2.7777777777777777,"tests_compiled":1,"tests_compiled_rate":0.546448087431694,"oracles_run":1,"oracles_passed":0,"oracles_passed_rate":0.0,"tests_run":1,"tests_passed":0,"tests_passed_rate":0.0,"lines":32,"lines_covered":21,"lines_coveraged_rate":65.625,"branches":1,"branches_covered":1,"branches_coverage_rate":100.0,"codes_lines":[1818,1819,1820,1821,1822,1823,1824,1825,1826,1827,1828,1830,1834,1836,1838,1839,1840,1841,1842,1843,1847,1849,1850,1851,1852,1853,1854,1857,1860,1861,1862,1864],"codes_lines_covered":[[["{","  struct MyVisitor;","  ","  impl<'de> de::Visitor<'de> for MyVisitor {","      type Value = ();","  ","     fn visit_seq<V>(self, _seq: V) -> std::result::Result<(), <V as de::SeqAccess<'de>>::Error>","     where","         V: de::SeqAccess<'de>,","     {","         Ok(())","      }","  ","      fn visit_map<V>(self, _map: V) -> std::result::Result<Self::Value, <V as de::MapAccess<'de>>::Error>","      where","          V: de::MapAccess<'de>,","      {","          Ok(())","      }","      ","      fn expecting(&self, formatter: &mut std::fmt::Formatter<'_>) -> std::result::Result<(), std::fmt::Error> {","          formatter.write_str(\"a valid structure\")","      }","  }","  let input_data = b\"[\\\"item1\\\", \\\"item2\\\", \\\"item3\\\"]\";","  let mut deserializer = Deserializer::from_slice(input_data);","  let visitor = MyVisitor;","  let result = serde::de::Deserializer::deserialize_struct(&mut deserializer, \"MyArray\", &[], visitor);","  assert!(result.is_ok());","}"],[1818,1819,1820,1821,1822,1823,1824,1825,1826,1827,1828,1834,1836,1838,1839,1840,1841,1843,1860,1862,1864]]],"codes_branches":[],"codes_branches_covered":[[["{","  struct MyVisitor;","  ","  impl<'de> de::Visitor<'de> for MyVisitor {","      type Value = ();","  ","     fn visit_seq<V>(self, _seq: V) -> std::result::Result<(), <V as de::SeqAccess<'de>>::Error>","     where","         V: de::SeqAccess<'de>,","     {","         Ok(())","      }","  ","      fn visit_map<V>(self, _map: V) -> std::result::Result<Self::Value, <V as de::MapAccess<'de>>::Error>","      where","          V: de::MapAccess<'de>,","      {","          Ok(())","      }","      ","      fn expecting(&self, formatter: &mut std::fmt::Formatter<'_>) -> std::result::Result<(), std::fmt::Error> {","          formatter.write_str(\"a valid structure\")","      }","  }","  let input_data = b\"[\\\"item1\\\", \\\"item2\\\", \\\"item3\\\"]\";","  let mut deserializer = Deserializer::from_slice(input_data);","  let visitor = MyVisitor;","  let result = serde::de::Deserializer::deserialize_struct(&mut deserializer, \"MyArray\", &[], visitor);","  assert!(result.is_ok());","}"],[]]]}