{"function_name":"serde_json::error::<error::ErrorCode as std::fmt::Display>::fmt","file_path":"/home/abezbm/rust-utgen-test-crates-new/json/src/error.rs","work_dir":"/home/abezbm/rust-utgen-test-crates-new/json","tests":615,"tests_lines":[9,9,9,9,8,9,9,9,9,9,8,11,14,17,20,23,26,29,32,35,38,41,44,47,50,53,56,59,62,65,68,71,74,77,9,9,9,9,9,9,9,9,9,8,10,12,14,16,18,9,9,9,9,9,12,15,18,21,24,27,30,33,36,39,42,45,48,51,54,57,60,63,66,69,72,75,9,9,9,11,13,15,17,19,21,23,25,27,29,31,33,35,37,39,41,43,45,47,49,51,53,55,9,9,9,7,8,9,10,11,12,13,14,15,16,17,18,19,20,21,22,23,24,25,26,27,28,29,30,31,8,8,9,9,9,9,9,9,9,9,9,12,15,18,21,24,27,30,33,36,9,9,9,9,9,9,9,9,9,9,10,11,12,13,14,15,16,17,18,19,20,21,22,23,24,25,26,27,28,29,30,31,32,33,9,9,9,9,9,9,11,13,15,17,19,21,23,25,27,29,31,33,35,37,39,41,43,45,47,49,51,53,55,10,10,9,9,11,11,11,9,9,9,9,9,9,9,9,9,9,9,9,9,9,9,9,9,9,9,9,9,9,9,9,9,9,9,9,9,9,9,9,9,11,13,15,17,19,21,23,25,27,29,31,33,35,37,39,41,43,45,47,49,51,53,55,9,9,10,10,12,12,14,14,16,16,18,18,20,20,22,22,24,24,26,26,28,28,30,30,32,32,34,34,36,36,38,38,40,40,42,42,44,44,46,46,48,48,50,50,52,52,54,54,56,56,11,8,9,9,9,9,9,9,9,8,9,9,9,9,9,9,8,9,9,8,8,9,9,10,10,11,11,12,12,13,13,14,14,15,15,16,16,17,17,18,18,19,19,20,20,21,21,22,22,23,23,24,24,25,25,26,26,27,27,28,28,29,29,30,30,31,31,79,9,9,9,9,9,8,9,8,10,12,14,16,18,20,22,24,26,28,30,32,34,36,38,40,42,44,46,48,50,52,9,9,9,9,9,9,9,9,9,9,9,9,9,9,9,9,9,9,9,9,9,9,9,9,9,9,9,9,9,8,8,10,10,12,12,14,14,16,16,18,18,20,20,22,22,24,24,26,26,28,28,30,30,32,32,34,34,36,36,38,38,40,40,42,42,44,44,46,46,48,48,50,50,52,52,54,54,56,56,9,9,9,9,9,9,9,9,9,9,9,9,9,9,9,9,9,9,9,9,9,9,9,9,9,9,9,9,9,9,9,9,9,9,9,9,9,9,9,9,9,9,9,9,9,11,11,11,11,9,11,11,14,14,17,17,20,20,23,23,26,26,29,29,32,32,35,35,38,38,41,41,44,44,47,47,50,50,53,53,56,56,59,59,62,62,65,65,68,68,71,71,74,74,77,77,80,80,83,83,9,9,9,9,9,9,11,11,11,11,11,11],"oracles":168,"oracles_compiled":8,"oracles_compiled_rate":4.761904761904762,"tests_compiled":11,"tests_compiled_rate":1.788617886178862,"oracles_run":8,"oracles_passed":7,"oracles_passed_rate":87.5,"tests_run":11,"tests_passed":7,"tests_passed_rate":63.63636363636363,"lines":28,"lines_covered":12,"lines_coveraged_rate":42.857142857142854,"branches":1,"branches_covered":1,"branches_coverage_rate":100.0,"codes_lines":[350,351,352,353,354,355,356,357,358,359,360,361,362,363,364,365,366,367,369,371,373,376,379,381,382,383,384,386],"codes_lines_covered":[[["{","  use std::fmt::Write;  ","  let error_code = ErrorCode::RecursionLimitExceeded;  ","  let mut output = String::new();  ","  write!(&mut output, \"{}\", error_code).unwrap();  ","  let error_code = ErrorCode::RecursionLimitExceeded;  ","  let mut output2 = String::new();  ","  write!(&mut output2, \"{}\", error_code).unwrap();  ","}"],[350,351,384,386]],[["{","    let error_code = ErrorCode::EofWhileParsingList;","   let mut buffer = String::new();","  let formatted_output = format!(\"{}\", error_code);  ","  buffer.push_str(&formatted_output);  ","  let error_code = ErrorCode::EofWhileParsingList;  ","  let formatted_output = format!(\"{}\", error_code);  ","  buffer.push_str(&formatted_output);  ","}"],[350,351,354,386]],[["{","  let error_code = ErrorCode::EofWhileParsingObject;","  let mut buffer = String::new();","  {","      use std::fmt::Write; // Import the `Write` trait","      write!(&mut buffer, \"{}\", error_code).unwrap(); // Use `write!` to format the error code","  }","  assert_eq!(buffer, \"EOF while parsing an object\");","}"],[350,351,355,386]],[["{","  use std::fmt::Write;  ","  let error_code = ErrorCode::EofWhileParsingString;  ","  let mut buffer = String::new();  ","  write!(&mut buffer, \"{}\", error_code).unwrap();  ","  assert_eq!(buffer, \"EOF while parsing a string\");  ","","   // Removed duplicate error_code and formatter initialization as they are not needed.  ","}"],[350,351,356,386]],[["{","  let error_code = ErrorCode::TrailingCharacters;","  let error_string = format!(\"{}\", error_code);","  let mut buf: Vec<u8> = Vec::new();","  buf.extend(error_string.as_bytes());","  let error_code = ErrorCode::TrailingCharacters;","  let error_string = format!(\"{}\", error_code);","  buf.extend(error_string.as_bytes());","}"],[350,351,382,386]],[["{","  use std::fmt::Write; // Import the necessary trait","  let error_code = ErrorCode::UnexpectedEndOfHexEscape;","  let mut output = String::new();","  write!(&mut output, \"{}\", error_code).unwrap();","  let error_code = ErrorCode::UnexpectedEndOfHexEscape;","  write!(&mut output, \"{}\", error_code).unwrap();","  assert_eq!(output, \"unexpected end of hex escape\");","}"],[350,351,383,386]],[["{","   let error_code = ErrorCode::TrailingCharacters;  ","   let mut buffer = String::new();  ","   {  ","       use std::fmt::Write;  ","       let _ = write!(&mut buffer, \"{}\", error_code);  ","   }  ","   assert_eq!(buffer, \"trailing characters\");  ","}"],[350,351,382,386]],[["{"," let _error_code = ErrorCode::Message(Box::from(\"Trailing comma, valid input\"));  "," let buffer = format!(\"{}\", _error_code); // Use format! to get the formatted output into the buffer  "," let expected_output = \"Trailing comma, valid input\"; // Expected output for comparison  "," assert_eq!(buffer, expected_output); // Check against the buffer content  ","","  assert_eq!(buffer, \"Trailing comma, valid input\"); // Check against the buffer content","}"],[350,351,352,386]],[["{","  let error_code = ErrorCode::Message(Box::from(\"Trailing comma, valid input\"));  ","  let formatted = format!(\"{}\", error_code);  ","  assert_eq!(formatted, \"Trailing comma, valid input\");  ","  let error_code = ErrorCode::Message(Box::from(\"Trailing comma, valid input\"));  ","  let formatted = format!(\"{}\", error_code);  ","  assert_eq!(formatted, \"Trailing comma, valid input\");  ","  let error_code = ErrorCode::TrailingCharacters;  ","  let formatted = format!(\"{}\", error_code);  ","  assert_eq!(formatted, \"Trailing characters\");  ","  let error_code = ErrorCode::EofWhileParsingList;  ","  let formatted = format!(\"{}\", error_code);  ","  assert_eq!(formatted, \"EOF while parsing a list\");  ","  let error_code = ErrorCode::EofWhileParsingObject;  ","  let formatted = format!(\"{}\", error_code);  ","  assert_eq!(formatted, \"EOF while parsing an object\");  ","}"],[350,351,352,382,386]],[["{","  let error_code = ErrorCode::Message(Box::from(\"Trailing comma, valid input\"));  ","  let _formatted = format!(\"{}\", error_code);  ","  assert_eq!(_formatted, \"Trailing comma, valid input\");  ","  let error_code = ErrorCode::Message(Box::from(\"Trailing comma, valid input\"));  ","  let _formatted = format!(\"{}\", error_code);  ","  let error_code = ErrorCode::TrailingCharacters;  ","  let _formatted = format!(\"{}\", error_code);  ","  assert_eq!(_formatted, \"Trailing characters\");  ","  let error_code = ErrorCode::EofWhileParsingList;  ","  let _formatted = format!(\"{}\", error_code);  ","  assert_eq!(_formatted, \"EOF while parsing a list\");  ","  let error_code = ErrorCode::EofWhileParsingObject;  ","  let _formatted = format!(\"{}\", error_code);  ","  assert_eq!(_formatted, \"EOF while parsing an object\");  ","  let error_code = ErrorCode::EofWhileParsingString;  ","  let _formatted = format!(\"{}\", error_code);  ","  assert_eq!(_formatted, \"EOF while parsing a string\");  ","  let error_code = ErrorCode::EofWhileParsingValue;  ","  let _formatted = format!(\"{}\", error_code);  ","  assert_eq!(_formatted, \"EOF while parsing a value\");  ","  assert_eq!(_formatted, \"EOF while parsing a value\");  ","}"],[350,351,352,382,386]],[["{","  let error_code = ErrorCode::Message(Box::from(\"Trailing comma, valid input\"));","  let _output = format!(\"{}\", error_code);","  assert_eq!(_output, \"Trailing comma, valid input\");","  let error_code = ErrorCode::Message(Box::from(\"Trailing comma, valid input\"));","  let _output = format!(\"{}\", error_code);","  let error_code = ErrorCode::TrailingCharacters;