{"function_name":"ryu::pretty::format64","tests":40,"tests_lines":[9,9,9,9,9,11,11,11,14,14,14,14,14,11,11,11,11,11,8,8,8,8,10,10,10,10,10,10,10,10,10,7,9,9,9,9,7,8,7,8],"oracles":40,"oracles_compiled":10,"oracles_compiled_rate":25.0,"tests_compiled":10,"tests_compiled_rate":25.0,"oracles_run":10,"oracles_passed":2,"oracles_passed_rate":20.0,"tests_run":10,"tests_passed":2,"tests_passed_rate":20.0,"lines":58,"lines_covered":50,"lines_coveraged_rate":86.20689655172413,"branches":20,"branches_covered":19,"branches_coverage_rate":95.0,"codes_lines":[52,53,54,55,56,57,58,59,60,61,62,63,65,66,67,68,69,70,71,72,73,74,75,77,79,80,81,82,83,84,85,86,88,89,90,91,92,94,95,96,97,98,99,100,101,102,104,105,106,109,110,111,112,113,114,115,116,118],"codes_lines_covered":[[["{","    let f = -0.0f64;","    let mut buffer = [0u8; 24];","    unsafe {","        let len = format64(f, buffer.as_mut_ptr());","        assert_eq!(len, 3);","        assert_eq!(&buffer[..len], b\"-0.0\");","    }","}"],[52,53,54,55,56,57,58,59,60,61,62,63,65,66,67,118]],[["{","    let f = -5.0e-324; // Smallest positive subnormal","    let mut buffer = [0u8; 24];","    unsafe {","        let len = format64(f, buffer.as_mut_ptr());","        assert_eq!(len, 6);","        assert_eq!(&buffer[..len], b\"-0.000005\");","    }","}"],[52,53,54,55,56,57,58,59,60,61,62,63,65,68,69,70,71,72,73,74,75,77,86,92,102,104,105,106,118]],[["{","    let f = -1.0e30; // A value with a large negative exponent","    let mut buffer = [0u8; 24];","    unsafe {","        let len = format64(f, buffer.as_mut_ptr());","        assert_eq!(len, 12);","        assert_eq!(&buffer[..len], b\"-1.0e30\");","    }","}"],[52,53,54,55,56,57,58,59,60,61,62,63,65,68,69,70,71,72,73,74,75,77,86,92,102,104,105,106,118]],[["{","    let f = -1.234e-6; // Negative small mantissa with a negative exponent","    let mut buffer = [0u8; 24];","    unsafe {","        let len = format64(f, buffer.as_mut_ptr());","        assert_eq!(len, 8);","        assert_eq!(&buffer[..len], b\"-0.000001234\");","    }","}"],[52,53,54,55,56,57,58,59,60,61,62,63,65,68,69,70,71,72,73,74,75,77,86,92,102,109,110,111,112,113,114,115,116,118]],[["{","    let f = -1.234e6; // Negative value with positive exponent","    let mut buffer = [0u8; 24];","    unsafe {","        let len = format64(f, buffer.as_mut_ptr());","        assert_eq!(len, 13);","        assert_eq!(&buffer[..len], b\"-1.234000e6\");","    }","}"],[52,53,54,55,56,57,58,59,60,61,62,63,65,68,69,70,71,72,73,74,75,77,79,80,81,82,83,84,85,118]],[["{","   let f: f64 = -1e-16; // This value will create an output with exponent 0 and negative small mantissa.","   let mut buffer = [std::mem::MaybeUninit::<u8>::uninit(); 24];","   let len = unsafe { format64(f, buffer.as_mut_ptr() as *mut u8) }; ","   let slice = unsafe { std::slice::from_raw_parts(buffer.as_ptr() as *const u8, len) };","   let printed = unsafe { std::str::from_utf8_unchecked(slice) };","   assert_eq!(printed, \"-0.0000000000000001\");","}"],[52,53,54,55,56,57,58,59,60,61,62,63,65,68,69,70,71,72,73,74,75,77,86,92,102,104,105,106,118]],[["{","   unsafe {  ","       let f: f64 = 1.234;  ","       let mut buffer = [std::mem::MaybeUninit::<u8>::uninit(); 24];  ","       let len = crate::raw::format64(f, buffer.as_mut_ptr() as *mut u8);  ","       let slice = std::slice::from_raw_parts(buffer.as_ptr() as *const u8, len);  ","       let output = std::str::from_utf8_unchecked(slice);  ","       assert_eq!(output, \"1.234\");  ","   }  ","}"],[52,53,54,55,56,57,58,59,60,63,65,68,69,70,71,72,73,74,75,77,86,88,89,90,91,118]],[["{","   let mut buffer = [0u8; 24];","   ","   unsafe {","       let len = crate::raw::format64(-0.0, buffer.as_mut_ptr());","       let result = core::str::from_utf8_unchecked(&buffer[0..len]);","       assert_eq!(result, \"-0.0\");","   }","}"],[52,53,54,55,56,57,58,59,60,61,62,63,65,66,67,118]],[["{","   let mut buffer = [0u8; 24];","   ","   unsafe {","       let len = crate::raw::format64(-1e-324, buffer.as_mut_ptr());","       let result = core::str::from_utf8_unchecked(&buffer[0..len]);","       assert_eq!(result, \"-0.000000000000000000000000000001\");","   }","}"],[52,53,54,55,56,57,58,59,60,61,62,63,65,66,67,118]],[["{","    let mut buffer = [0u8; 24];","    ","   unsafe {  ","       let len = crate::raw::format64(1e-324, buffer.as_mut_ptr());  ","       let result = core::str::from_utf8_unchecked(&buffer[0..len]);  ","       assert_eq!(result, \"0.000000000000000000000000000001\");  ","    }","}"],[52,53,54,55,56,57,58,59,60,63,65,66,67,118]]],"codes_branches":[{"start_line":60,"start_column":8,"end_line":60,"end_column":12,"positive":true,"negative":true},{"start_line":65,"start_column":8,"end_line":65,"end_column":26,"positive":true,"negative":true},{"start_line":65,"start_column":30,"end_line":65,"end_column":48,"positive":true,"negative":true},{"start_line":77,"start_column":8,"end_line":77,"end_column":14,"positive":true,"negative":true},{"start_line":77,"start_column":18,"end_line":77,"end_column":26,"positive":true,"negative":true},{"start_line":86,"start_column":15,"end_line":86,"end_column":21,"positive":true,"negative":true},{"start_line":86,"start_column":25,"end_line":86,"end_column":33,"positive":true,"negative":true},{"start_line":92,"start_column":15,"end_line":92,"end_column":22,"positive":true,"negative":true},{"start_line":92,"start_column":26,"end_line":92,"end_column":33,"positive":false,"negative":true},{"start_line":102,"start_column":15,"end_line":102,"end_column":26,"positive":true,"negative":true}],"codes_branches_covered":[[["{","    let f = -0.0f64;","    let mut buffer = [0u8; 24];","    unsafe {","        let len = format64(f, buffer.as_mut_ptr());","        assert_eq!(len, 3);","        assert_eq!(&buffer[..len], b\"-0.0\");","    }","}"],[{"start_line":60,"start_column":8,"end_line":60,"end_column":12,"positive":true,"negative":false},{"start_line":65,"start_column":8,"end_line":65,"end_column":26,"positive":true,"negative":false},{"start_line":65,"start_column":30,"end_line":65,"end_column":48,"positive":true,"negative":false},{"start_line":77,"start_column":8,"end_line":77,"end_column":14,"positive":false,"negative":false},{"start_line":77,"start_column":18,"end_line":77,"end_column":26,"positive":false,"negative":false},{"start_line":86,"start_column":15,"end_line":86,"end_column":21,"positive":false,"negative":false},{"start_line":86,"start_column":25,"end_line":86,"end_column":33,"positive":false,"negative":false},{"start_line":92,"start_column":15,"end_line":92,"end_column":22,"positive":false,"negative":false},{"start_line":92,"start_column":26,"end_line":92,"end_column":33,"positive":false,"negative":false},{"start_line":102,"start_column":15,"end_line":102,"end_column":26,"positive":false,"negative":false}]],[["{","    let f = -5.0e-324; // Smallest positive subnormal","    let mut buffer = [0u8; 24];","    unsafe {","        let len = format64(f, buffer.as_mut_ptr());","        assert_eq!(len, 6);","        assert_eq!(&buffer[..len], b\"-0.000005\");","    }","}"],[{"start_line":60,"start_column":8,"end_line":60,"end_column":12,"positive":true,"negative":false},{"start_line":65,"start_column":8,"end_line":65,"end_column":26,"positive":true,"negative":false},{"start_line":65,"start_column":30,"end_line":65,"end_column":48,"positive":false,"negative":true},{"start_line":77,"start_column":8,"end_line":77,"end_column":14,"positive":false,"negative":true},{"start_line":77,"start_column":18,"end_line":77,"end_column":26,"positive":false,"negative":false},{"start_line":86,"start_column":15,"end_line":86,"end_column":21,"positive":false,"negative":true},{"start_line":86,"start_column":25,"end_line":86,"end_column":33,"positive":false,"negative":false},{"start_line":92,"start_column":15,"end_line":92,"end_column":22,"positive":false,"negative":true},{"start_line":92,"start_column":26,"end_line":92,"end_column":33,"positive":false,"negative":false},{"start_line":102,"start_column":15,