{"function_name":"strsim::generic_levenshtein","tests":19,"tests_lines":[6,6,6,6,6,6,6,5,6,3,3,3,3,3,3,3,3,5,5],"oracles":19,"oracles_compiled":16,"oracles_compiled_rate":84.21052631578947,"tests_compiled":16,"tests_compiled_rate":84.21052631578947,"oracles_run":16,"oracles_passed":11,"oracles_passed_rate":68.75,"tests_run":16,"tests_passed":11,"tests_passed_rate":68.75,"lines":23,"lines_covered":23,"lines_coveraged_rate":100.0,"branches":1,"branches_covered":1,"branches_coverage_rate":100.0,"codes_lines":[233,234,235,236,237,238,239,240,241,242,243,245,246,247,249,250,251,252,253,254,255,258,259],"codes_lines_covered":[[["{","    let a: Vec<i32> = vec![];","    let b: Vec<i32> = vec![];","    let result = generic_levenshtein(&a, &b);","    assert_eq!(result, 0);","}"],[233,234,235,236,237,238,239,240,241,242,243,245,258,259]],[["{","    let a: Vec<i32> = vec![];","    let b: Vec<i32> = vec![1, 2, 3];","    let result = generic_levenshtein(&a, &b);","    assert_eq!(result, 3);","}"],[233,234,235,236,237,238,239,240,241,242,243,245,258,259]],[["{","    let a: Vec<i32> = vec![1, 2, 3];","    let b: Vec<i32> = vec![];","    let result = generic_levenshtein(&a, &b);","    assert_eq!(result, 3);","}"],[233,234,235,236,237,238,239,240,241,242,243,245,246,247,249,258,259]],[["{","    let a: Vec<i32> = vec![1, 2, 3];","    let b: Vec<i32> = vec![1, 2, 3];","    let result = generic_levenshtein(&a, &b);","    assert_eq!(result, 0);","}"],[233,234,235,236,237,238,239,240,241,242,243,245,246,247,249,250,251,252,253,254,255,258,259]],[["{","    let a: Vec<i32> = vec![1, 2, 3];","    let b: Vec<i32> = vec![1, 2, 4];","    let result = generic_levenshtein(&a, &b);","    assert_eq!(result, 1);","}"],[233,234,235,236,237,238,239,240,241,242,243,245,246,247,249,250,251,252,253,254,255,258,259]],[["{","    let a: Vec<i32> = vec![1, 2, 3, 4];","    let b: Vec<i32> = vec![4, 3, 2, 1, 0];","    let result = generic_levenshtein(&a, &b);","    assert_eq!(result, 5);","}"],[233,234,235,236,237,238,239,240,241,242,243,245,246,247,249,250,251,252,253,254,255,258,259]],[["{","    let a: Vec<i32> = vec![1, 2, 3];","    let b: Vec<i32> = vec![4, 5, 6];","    let result = generic_levenshtein(&a, &b);","    assert_eq!(result, 6);","}"],[233,234,235,236,237,238,239,240,241,242,243,245,246,247,249,250,251,252,253,254,255,258,259]],[["{","    let a: Vec<i32> = vec![1];","    let b: Vec<i32> = vec![2];","    let _ = generic_levenshtein(&a, &b); // This should not panic with current implementations","}"],[233,234,235,236,237,238,239,240,241,242,243,245,246,247,249,250,251,252,253,254,255,258,259]],[["{","    let a: Vec<i32> = (1..1000).collect();","    let b: Vec<i32> = (1000..2000).collect();","    let result = generic_levenshtein(&a, &b);","    assert_eq!(result, 2000);","}"],[233,234,235,236,237,238,239,240,241,242,243,245,246,247,249,250,251,252,253,254,255,258,259]],[["{","    assert_eq!(generic_levenshtein(&[1, 2, 3], &[]), 3);","}"],[233,234,235,236,237,238,239,240,241,242,243,245,246,247,249,258,259]],[["{","    assert_eq!(generic_levenshtein(&[1, 2, 3], &[1, 2, 3]), 0);","}"],[233,234,235,236,237,238,239,240,241,242,243,245,246,247,249,250,251,252,253,254,255,258,259]],[["{","    assert_eq!(generic_levenshtein(&[1, 2, 3], &[1, 2, 3, 4]), 1);","}"],[233,234,235,236,237,238,239,240,241,242,243,245,246,247,249,250,251,252,253,254,255,258,259]],[["{","    assert_eq!(generic_levenshtein(&[1, 2, 3, 4], &[1, 2, 3]), 1);","}"],[233,234,235,236,237,238,239,240,241,242,243,245,246,247,249,250,251,252,253,254,255,258,259]],[["{","    assert_eq!(generic_levenshtein(&[1, 2, 3], &[1, 2, 4]), 1);","}"],[233,234,235,236,237,238,239,240,241,242,243,245,246,247,249,250,251,252,253,254,255,258,259]],[["{","    assert_eq!(generic_levenshtein(&[1, 3], &[2, 4]), 2);","}"],[233,234,235,236,237,238,239,240,241,242,243,245,246,247,249,250,251,252,253,254,255,258,259]],[["{","    let seq1: Vec<i32> = (1..1000).collect();","    let seq2: Vec<i32> = (500..1500).collect();","    assert_eq!(generic_levenshtein(&seq1, &seq2), 1000);","}"],[233,234,235,236,237,238,239,240,241,242,243,245,246,247,249,250,251,252,253,254,255,258,259]]],"codes_branches":[],"codes_branches_covered":[[["{","    let a: Vec<i32> = vec![];","    let b: Vec<i32> = vec![];","    let result = generic_levenshtein(&a, &b);","    assert_eq!(result, 0);","}"],[]],[["{","    let a: Vec<i32> = vec![];","    let b: Vec<i32> = vec![1, 2, 3];","    let result = generic_levenshtein(&a, &b);","    assert_eq!(result, 3);","}"],[]],[["{","    let a: Vec<i32> = vec![1, 2, 3];","    let b: Vec<i32> = vec![];","    let result = generic_levenshtein(&a, &b);","    assert_eq!(result, 3);","}"],[]],[["{","    let a: Vec<i32> = vec![1, 2, 3];","    let b: Vec<i32> = vec![1, 2, 3];","    let result = generic_levenshtein(&a, &b);","    assert_eq!(result, 0);","}"],[]],[["{","    let a: Vec<i32> = vec![1, 2, 3];","    let b: Vec<i32> = vec![1, 2, 4];","    let result = generic_levenshtein(&a, &b);","    assert_eq!(result, 1);","}"],[]],[["{","    let a: Vec<i32> = vec![1, 2, 3, 4];","    let b: Vec<i32> = vec![4, 3, 2, 1, 0];","    let result = generic_levenshtein(&a, &b);","    assert_eq!(result, 5);","}"],[]],[["{","    let a: Vec<i32> = vec![1, 2, 3];","    let b: Vec<i32> = vec![4, 5, 6];","    let result = generic_levenshtein(&a, &b);","    assert_eq!(result, 6);","}"],[]],[["{","    let a: Vec<i32> = vec![1];","    let b: Vec<i32> = vec![2];","    let _ = generic_levenshtein(&a, &b); // This should not panic with current implementations","}"],[]],[["{","    let a: Vec<i32> = (1..1000).collect();","    let b: Vec<i32> = (1000..2000).collect();","    let result = generic_levenshtein(&a, &b);","    assert_eq!(result, 2000);","}"],[]],[["{","    assert_eq!(generic_levenshtein(&[1, 2, 3], &[]), 3);","}"],[]],[["{","    assert_eq!(generic_levenshtein(&[1, 2, 3], &[1, 2, 3]), 0);","}"],[]],[["{","    assert_eq!(generic_levenshtein(&[1, 2, 3], &[1, 2, 3, 4]), 1);","}"],[]],[["{","    assert_eq!(generic_levenshtein(&[1, 2, 3, 4], &[1, 2, 3]), 1);","}"],[]],[["{","    assert_eq!(generic_levenshtein(&[1, 2, 3], &[1, 2, 4]), 1);","}"],[]],[["{","    assert_eq!(generic_levenshtein(&[1, 3], &[2, 4]), 2);","}"],[]],[["{","    let seq1: Vec<i32> = (1..1000).collect();","    let seq2: Vec<i32> = (500..1500).collect();","    assert_eq!(generic_levenshtein(&seq1, &seq2), 1000);","}"],[]]]}