{
    "function_name": "strsim::sorensen_dice",
    "tests": 6,
    "tests_lines": [
        3,
        4,
        3,
        3,
        3,
        5
    ],
    "oracles": 6,
    "oracles_compiled": 6,
    "oracles_compiled_rate": 100.0,
    "tests_compiled": 6,
    "tests_compiled_rate": 100.0,
    "oracles_run": 6,
    "oracles_passed": 5,
    "oracles_passed_rate": 83.33333333333334,
    "tests_run": 6,
    "tests_passed": 5,
    "tests_passed_rate": 83.33333333333334,
    "lines": 30,
    "lines_covered": 30,
    "lines_coveraged_rate": 100.0,
    "branches": 8,
    "branches_covered": 6,
    "branches_coverage_rate": 75.0,
    "codes_lines": [
        721,
        722,
        723,
        724,
        725,
        726,
        727,
        728,
        729,
        730,
        731,
        732,
        733,
        734,
        735,
        736,
        738,
        739,
        740,
        742,
        744,
        745,
        746,
        747,
        748,
        749,
        750,
        751,
        753,
        754
    ],
    "codes_lines_covered": [
        [
            [
                "{",
                "    assert_eq!(1.0, sorensen_dice(\"\", \"\"));",
                "}"
            ],
            [
                721,
                722,
                723,
                724,
                725,
                726,
                727,
                728,
                729,
                754
            ]
        ],
        [
            [
                "{",
                "    assert_eq!(0.0, sorensen_dice(\"\", \"a\"));",
                "    assert_eq!(0.0, sorensen_dice(\"a\", \"\"));",
                "}"
            ],
            [
                721,
                722,
                723,
                724,
                725,
                726,
                727,
                728,
                730,
                731,
                732,
                733,
                754
            ]
        ],
        [
            [
                "{",
                "    assert_eq!(0.0, sorensen_dice(\"french\", \"quebec\"));",
                "}"
            ],
            [
                721,
                722,
                723,
                724,
                725,
                726,
                727,
                728,
                730,
                731,
                732,
                734,
                735,
                736,
                738,
                739,
                740,
                742,
                744,
                745,
                750,
                751,
                753,
                754
            ]
        ],
        [
            [
                "{",
                "    assert_eq!(1.0, sorensen_dice(\"ferris\", \"ferris\"));",
                "}"
            ],
            [
                721,
                722,
                723,
                724,
                725,
                726,
                727,
                728,
                729,
                754
            ]
        ],
        [
            [
                "{",
                "    assert_eq!(0.8888888888888888, sorensen_dice(\"feris\", \"ferris\"));",
                "}"
            ],
            [
                721,
                722,
                723,
                724,
                725,
                726,
                727,
                728,
                730,
                731,
                732,
                734,
                735,
                736,
                738,
                739,
                740,
                742,
                744,
                745,
                746,
                747,
                748,
                749,
                750,
                751,
                753,
                754
            ]
        ],
        [
            [
                "{",
                "    assert_eq!(0.0, sorensen_dice(\"a\", \"b\"));",
                "    assert_eq!(1.0, sorensen_dice(\"aa\", \"aa\"));",
                "    assert_eq!(0.5, sorensen_dice(\"ab\", \"aa\"));",
                "}"
            ],
            [
                721,
                722,
                723,
                724,
                725,
                726,
                727,
                728,
                729,
                730,
                731,
                732,
                733,
                734,
                735,
                736,
                738,
                739,
                740,
                742,
                744,
                745,
                750,
                751,
                753,
                754
            ]
        ]
    ],
    "codes_branches": [
        {
            "start_line": 746,
            "start_column": 16,
            "end_line": 746,
            "end_column": 23,
            "positive": true,
            "negative": false
        },
        {
            "start_line": 728,
            "start_column": 8,
            "end_line": 728,
            "end_column": 14,
            "positive": true,
            "negative": true
        },
        {
            "start_line": 732,
            "start_column": 8,
            "end_line": 732,
            "end_column": 19,
            "positive": true,
            "negative": true
        },
        {
            "start_line": 732,
            "start_column": 23,
            "end_line": 732,
            "end_column": 34,
            "positive": false,
            "negative": true
        }
    ],
    "codes_branches_covered": [
        [
            [
                "{",
                "    assert_eq!(1.0, sorensen_dice(\"\", \"\"));",
                "}"
            ],
            [
                {
                    "start_line": 746,
                    "start_column": 16,
                    "end_line": 746,
                    "end_column": 23,
                    "positive": false,
                    "negative": false
                },
                {
                    "start_line": 728,
                    "start_column": 8,
                    "end_line": 728,
                    "end_column": 14,
                    "positive": true,
                    "negative": false
                },
                {
                    "start_line": 732,
                    "start_column": 8,
                    "end_line": 732,
                    "end_column": 19,
                    "positive": false,
                    "negative": false
                },
                {
                    "start_line": 732,
                    "start_column": 23,
                    "end_line": 732,
                    "end_column": 34,
                    "positive": false,
                    "negative": false
                }
            ]
        ],
        [
            [
                "{",
                "    assert_eq!(0.0, sorensen_dice(\"\", \"a\"));",
                "    assert_eq!(0.0, sorensen_dice(\"a\", \"\"));",
                "}"
            ],
            [
                {
                    "start_line": 746,
                    "start_column": 16,
                    "end_line": 746,
                    "end_column": 23,
                    "positive": false,
                    "negative": false
                },
                {
                    "start_line": 728,
                    "start_column": 8,
                    "end_line": 728,
                    "end_column": 14,
                    "positive": false,
                    "negative": true
                },
                {
                    "start_line": 732,
                    "start_column": 8,
                    "end_line": 732,
                    "end_column": 19,
                    "positive": true,