{"function_name":"regex_syntax::hir::print::<hir::print::Writer<'p, W> as hir::visitor::Visitor>::visit_post","file_path":"/home/abezbm/rust-utgen-test-crates-new/regex/regex-syntax/src/hir/print.rs","work_dir":"/home/abezbm/rust-utgen-test-crates-new/regex/regex-syntax","tests":328,"tests_lines":[13,13,13,13,13,13,14,16,18,20,22,24,26,14,14,14,12,12,13,10,10,11,13,15,17,19,21,23,13,13,17,22,27,32,36,40,44,48,52,56,60,12,12,13,13,14,14,15,15,16,16,17,17,18,18,19,19,13,13,12,12,21,21,22,24,29,34,25,25,35,35,42,42,49,49,56,56,58,58,28,28,31,31,34,34,37,37,39,39,28,28,28,28,25,25,25,21,21,21,21,21,26,26,27,27,51,54,57,36,36,45,54,26,26,33,33,33,23,23,33,33,33,33,23,23,23,23,33,43,53,63,73,83,93,103,27,27,27,27,26,27,27,25,25,25,25,25,25,25,25,25,25,25,25,25,25,25,25,25,22,28,28,25,34,43,52,61,70,79,29,29,23,23,23,23,23,23,23,23,23,23,25,25,25,25,31,20,21,23,25,27,29,31,33,30,30,30,30,30,31,31,31,31,40,40,49,49,29,29,29,29,29,29,29,22,22,22,29,29,29,29,29,28,28,29,38,39,39,33,28,28,15,15,16,15,18,19,15,19,24,29,34,39,44,49,10,13,10,10,13,16,18,21,24,27,12,13,13,13,12,12,12,13,13,13,13,13,13,13,18,23,28,33,13,13,13,13,10,11,12,13,14,15,16,11,13,15,17,19,21,23,11,11,13,15,17,19,21,23,11,15,19,23,27,25,25,11,11,11,11,11,11,11,11,11,11,11,10,23,13,13,12,12,14,15,14,14,14],"oracles":112,"oracles_compiled":1,"oracles_compiled_rate":0.8928571428571428,"tests_compiled":1,"tests_compiled_rate":0.3048780487804878,"oracles_run":1,"oracles_passed":1,"oracles_passed_rate":100.0,"tests_run":1,"tests_passed":1,"tests_passed_rate":100.0,"lines":22,"lines_covered":5,"lines_coveraged_rate":22.727272727272727,"branches":2,"branches_covered":0,"branches_coverage_rate":0.0,"codes_lines":[169,170,178,179,180,182,185,188,190,191,192,193,195,196,198,199,204,205,206,209,212,213],"codes_lines_covered":[[["{","    let mut printer = Printer { _priv: () };","    let mut writer = Writer { printer: &mut printer, wtr: String::new() };","    let hir = Hir::empty();","    writer.visit_post(&hir).unwrap();","    let mut printer = Printer { _priv: () };","    let mut writer = Writer { printer: &mut printer, wtr: String::new() };","    let hir = Hir::empty();","    let result = writer.visit_post(&hir);","    assert_eq!(result, Ok(()));","}"],[169,170,178,212,213]]],"codes_branches":[{"start_line":204,"start_column":20,"end_line":204,"end_column":29,"positive":false,"negative":false}],"codes_branches_covered":[[["{","    let mut printer = Printer { _priv: () };","    let mut writer = Writer { printer: &mut printer, wtr: String::new() };","    let hir = Hir::empty();","    writer.visit_post(&hir).unwrap();","    let mut printer = Printer { _priv: () };","    let mut writer = Writer { printer: &mut printer, wtr: String::new() };","    let hir = Hir::empty();","    let result = writer.visit_post(&hir);","    assert_eq!(result, Ok(()));","}"],[{"start_line":204,"start_column":20,"end_line":204,"end_column":29,"positive":false,"negative":false}]]]}