{"function_name":"http::uri::authority::host","tests":12,"tests_lines":[5,5,5,4,4,4,5,5,5,5,4,4],"oracles":12,"oracles_compiled":12,"oracles_compiled_rate":100.0,"tests_compiled":12,"tests_compiled_rate":100.0,"oracles_run":12,"oracles_passed":8,"oracles_passed_rate":66.66666666666666,"tests_run":12,"tests_passed":8,"tests_passed_rate":66.66666666666666,"lines":17,"lines_covered":17,"lines_coveraged_rate":100.0,"branches":2,"branches_covered":2,"branches_coverage_rate":100.0,"codes_lines":[487,488,489,490,491,492,493,494,495,496,497,498,500,501,502,503,505],"codes_lines_covered":[[["{","    let auth = \"user@example.com:80\";","    let result = host(auth);","    assert_eq!(result, \"user@example.com\");","}"],[487,488,489,490,491,492,493,500,501,502,503,505]],[["{","    let auth = \"[2001:db8::1]:80\";","    let result = host(auth);","    assert_eq!(result, \"[2001:db8::1]\");","}"],[487,488,489,490,491,492,493,494,495,496,497,498,505]],[["{","    let auth = \"[2001:db8::1]\";","    let result = host(auth);","    assert_eq!(result, \"[2001:db8::1]\");","}"],[487,488,489,490,491,492,493,494,495,496,497,498,505]],[["{","    let auth = \"\";","    host(auth);","}"],[487,488,489,490,491,492,493,500,501,502,503,505]],[["{","    let auth = \"[2001:db8::1:80\"; // Missing closing bracket","    host(auth);","}"],[487,488,489,490,491,492,493,494,495,496,497,498,505]],[["{","    let auth = \"@example.com:80\";","    host(auth);","}"],[487,488,489,490,491,492,493,500,501,502,503,505]],[["{","    let auth = \"user:password@192.168.1.1:8080\";","    let result = host(auth);","    assert_eq!(result, \"192.168.1.1\");","}"],[487,488,489,490,491,492,493,500,501,502,503,505]],[["{","    let auth = \"user:password@[2001:db8::ff00:42:8329]:8080\";","    let result = host(auth);","    assert_eq!(result, \"[2001:db8::ff00:42:8329]\");","}"],[487,488,489,490,491,492,493,494,495,496,497,498,505]],[["{","    let auth = \"user:password@hostname\";","    let result = host(auth);","    assert_eq!(result, \"hostname\");","}"],[487,488,489,490,491,492,493,500,501,502,503,505]],[["{","    let auth = \"user:password@\";","    let result = host(auth);","    assert_eq!(result, \"\");","}"],[487,488,489,490,491,492,493,500,501,502,503,505]],[["{","    let auth = \"user:password\";","    host(auth);","}"],[487,488,489,490,491,492,493,500,501,502,503,505]],[["{","    let auth = \"user:password@[2001:db8::ff00:42:8329:8080\";","    host(auth);","}"],[487,488,489,490,491,492,493,494,495,496,497,498,505]]],"codes_branches":[{"start_line":493,"start_column":8,"end_line":493,"end_column":39,"positive":true,"negative":true}],"codes_branches_covered":[[["{","    let auth = \"user@example.com:80\";","    let result = host(auth);","    assert_eq!(result, \"user@example.com\");","}"],[{"start_line":493,"start_column":8,"end_line":493,"end_column":39,"positive":false,"negative":true}]],[["{","    let auth = \"[2001:db8::1]:80\";","    let result = host(auth);","    assert_eq!(result, \"[2001:db8::1]\");","}"],[{"start_line":493,"start_column":8,"end_line":493,"end_column":39,"positive":true,"negative":false}]],[["{","    let auth = \"[2001:db8::1]\";","    let result = host(auth);","    assert_eq!(result, \"[2001:db8::1]\");","}"],[{"start_line":493,"start_column":8,"end_line":493,"end_column":39,"positive":true,"negative":false}]],[["{","    let auth = \"\";","    host(auth);","}"],[{"start_line":493,"start_column":8,"end_line":493,"end_column":39,"positive":false,"negative":true}]],[["{","    let auth = \"[2001:db8::1:80\"; // Missing closing bracket","    host(auth);","}"],[{"start_line":493,"start_column":8,"end_line":493,"end_column":39,"positive":true,"negative":false}]],[["{","    let auth = \"@example.com:80\";","    host(auth);","}"],[{"start_line":493,"start_column":8,"end_line":493,"end_column":39,"positive":false,"negative":true}]],[["{","    let auth = \"user:password@192.168.1.1:8080\";","    let result = host(auth);","    assert_eq!(result, \"192.168.1.1\");","}"],[{"start_line":493,"start_column":8,"end_line":493,"end_column":39,"positive":false,"negative":true}]],[["{","    let auth = \"user:password@[2001:db8::ff00:42:8329]:8080\";","    let result = host(auth);","    assert_eq!(result, \"[2001:db8::ff00:42:8329]\");","}"],[{"start_line":493,"start_column":8,"end_line":493,"end_column":39,"positive":true,"negative":false}]],[["{","    let auth = \"user:password@hostname\";","    let result = host(auth);","    assert_eq!(result, \"hostname\");","}"],[{"start_line":493,"start_column":8,"end_line":493,"end_column":39,"positive":false,"negative":true}]],[["{","    let auth = \"user:password@\";","    let result = host(auth);","    assert_eq!(result, \"\");","}"],[{"start_line":493,"start_column":8,"end_line":493,"end_column":39,"positive":false,"negative":true}]],[["{","    let auth = \"user:password\";","    host(auth);","}"],[{"start_line":493,"start_column":8,"end_line":493,"end_column":39,"positive":false,"negative":true}]],[["{","    let auth = \"user:password@[2001:db8::ff00:42:8329:8080\";","    host(auth);","}"],[{"start_line":493,"start_column":8,"end_line":493,"end_column":39,"positive":true,"negative":false}]]]}