{"function_name":"regex::compile::compile::Compiler::compile_many","tests":292,"tests_lines":[18,18,18,18,18,18,18,18,18,18,18,18,18,18,18,14,14,23,23,23,23,23,29,29,29,29,29,29,33,33,33,33,33,33,8,8,8,8,8,8,8,8,10,10,10,10,10,10,10,10,10,10,10,9,9,9,9,9,9,10,10,10,10,10,10,10,10,10,10,9,9,9,9,9,9,9,9,9,10,10,10,10,10,10,10,10,10,10,10,10,9,9,9,9,9,9,9,9,9,9,8,8,8,8,8,8,8,8,8,8,8,8,8,8,8,8,8,9,9,9,9,9,9,9,9,9,7,7,7,7,7,7,9,9,9,9,10,10,10,10,10,10,10,7,8,8,8,8,8,8,8,8,8,8,8,7,7,7,7,7,7,7,7,7,7,7,7,7,7,7,7,7,7,8,8,8,8,8,8,8,8,8,8,8,8,8,8,7,7,7,7,7,7,7,9,10,10,10,10,10,10,9,10,10,10,10,19,20,20,20,20,20,20,20,21,22,22,22,22,22,22,23,24,24,24,24,25,26,26,26,26,26,26,27,28,28,28,28,28,28,29,30,30,30,29,30,30,30,30,30,31,32,32,32,32,32,32,32,32,13,13,13,13,13,11,12,12,12,12,12,12,11,11,11,11,13,13,13,13,13,13,13,13,13,9,9,8,8,8,8,8,8],"oracles":40,"oracles_compiled":2,"oracles_compiled_rate":5.0,"tests_compiled":8,"tests_compiled_rate":2.73972602739726,"oracles_run":2,"oracles_passed":2,"oracles_passed_rate":100.0,"tests_run":8,"tests_passed":8,"tests_passed_rate":100.0,"lines":35,"lines_covered":5,"lines_coveraged_rate":14.285714285714285,"branches":2,"branches_covered":0,"branches_coverage_rate":0.0,"codes_lines":[160,161,162,163,164,166,167,168,169,170,171,172,173,174,175,176,177,178,179,180,181,182,183,184,185,186,187,189,190,191,192,193,194,195,196],"codes_lines_covered":[[["{","    let compiler = Compiler::new();","    let exprs: Vec<Hir> = vec![];","    let _ = compiler.compile_many(&exprs);","    let compiler = Compiler::new();","    let exprs: Vec<Hir> = vec![];","    let result = std::panic::catch_unwind(|| { compiler.compile_many(&exprs); });","    assert!(result.is_err());","}"],[160,161,162,163,164]],[["{","    let compiler = Compiler::new();","    let exprs: Vec<Hir> = vec![];","    let _ = compiler.compile_many(&exprs);","    let compiler = Compiler::new();","    let exprs: Vec<Hir> = vec![];","    let result = std::panic::catch_unwind(|| { compiler.compile_many(&exprs); });","    assert_eq!(result.err().unwrap().downcast_ref::<&str>(), Some(&\"assertion failed: exprs.len() > 1\"));","}"],[160,161,162,163,164]],[["{","    let compiler = Compiler::new();","    let exprs: Vec<Hir> = vec![Hir::any(true)];","    let _ = compiler.compile_many(&exprs);","    let compiler = Compiler::new();","    let exprs: Vec<Hir> = vec![Hir::any(true)];","    assert!(std::panic::catch_unwind(|| { compiler.compile_many(&exprs); }).is_err());","}"],[160,161,162,163,164]],[["{","    let compiler = Compiler::new();","    let exprs: Vec<Hir> = vec![Hir::any(true)];","    let _ = compiler.compile_many(&exprs);","    let compiler = Compiler::new();","    let exprs: Vec<Hir> = vec![Hir::any(true)];","    assert_eq!(compiler.insts.len(), 0);","}"],[160,161,162,163,164]],[["{","    let compiler = Compiler::new();","    let exprs: Vec<Hir> = vec![Hir::any(true)];","    let _ = compiler.compile_many(&exprs);","    let compiler = Compiler::new();","    let exprs: Vec<Hir> = vec![Hir::any(true)];","    assert_eq!(compiler.compiled.matches.len(), 0);","}"],[160,161,162,163,164]],[["{","    let compiler = Compiler::new();","    let exprs: Vec<Hir> = vec![Hir::any(true)];","    let _ = compiler.compile_many(&exprs);","    let compiler = Compiler::new();","    let exprs: Vec<Hir> = vec![Hir::any(true)];","    assert_eq!(compiler.compiled.start, 0);","}"],[160,161,162,163,164]],[["{","    let compiler = Compiler::new();","    let exprs: Vec<Hir> = vec![Hir::any(true)];","    let _ = compiler.compile_many(&exprs);","    let compiler = Compiler::new();","    let exprs: Vec<Hir> = vec![Hir::any(true)];","    assert!(!compiler.compiled.is_anchored_start);","}"],[160,161,162,163,164]],[["{","    let compiler = Compiler::new();","    let exprs: Vec<Hir> = vec![Hir::any(true)];","    let _ = compiler.compile_many(&exprs);","    let compiler = Compiler::new();","    let exprs: Vec<Hir> = vec![Hir::any(true)];","    assert!(!compiler.compiled.is_anchored_end);","}"],[160,161,162,163,164]]],"codes_branches":[{"start_line":171,"start_column":12,"end_line":171,"end_column":41,"positive":false,"negative":false}],"codes_branches_covered":[[["{","    let compiler = Compiler::new();","    let exprs: Vec<Hir> = vec![];","    let _ = compiler.compile_many(&exprs);","    let compiler = Compiler::new();","    let exprs: Vec<Hir> = vec![];","    let result = std::panic::catch_unwind(|| { compiler.compile_many(&exprs); });","    assert!(result.is_err());","}"],[{"start_line":171,"start_column":12,"end_line":171,"end_column":41,"positive":false,"negative":false}]],[["{","    let compiler = Compiler::new();","    let exprs: Vec<Hir> = vec![];","    let _ = compiler.compile_many(&exprs);","    let compiler = Compiler::new();","    let exprs: Vec<Hir> = vec![];","    let result = std::panic::catch_unwind(|| { compiler.compile_many(&exprs); });","    assert_eq!(result.err().unwrap().downcast_ref::<&str>(), Some(&\"assertion failed: exprs.len() > 1\"));","}"],[{"start_line":171,"start_column":12,"end_line":171,"end_column":41,"positive":false,"negative":false}]],[["{","    let compiler = Compiler::new();","    let exprs: Vec<Hir> = vec![Hir::any(true)];","    let _ = compiler.compile_many(&exprs);","    let compiler = Compiler::new();","    let exprs: Vec<Hir> = vec![Hir::any(true)];","    assert!(std::panic::catch_unwind(|| { compiler.compile_many(&exprs); }).is_err());","}"],[{"start_line":171,"start_column":12,"end_line":171,"end_column":41,"positive":false,"negative":false}]],[["{","    let compiler = Compiler::new();","    let exprs: Vec<Hir> = vec![Hir::any(true)];","    let _ = compiler.compile_many(&exprs);","    let compiler = Compiler::new();","    let exprs: Vec<Hir> = vec![Hir::any(true)];","    assert_eq!(compiler.insts.len(), 0);","}"],[{"start_line":171,"start_column":12,"end_line":171,"end_column":41,"positive":false,"negative":false}]],[["{","    let compiler = Compiler::new();","    let exprs: Vec<Hir> = vec![Hir::any(true)];","    let _ = compiler.compile_many(&exprs);","    let compiler = Compiler::new();","    let exprs: Vec<Hir> = vec![Hir::any(true)];","    assert_eq!(compiler.compiled.matches.len(), 0);","}"],[{"start_line":171,"start_column":12,"end_line":171,"end_column":41,"positive":false,"negative":false}]],[["{","    let compiler = Compiler::new();","    let exprs: Vec<Hir> = vec![Hir::any(true)];","    let _ = compiler.compile_many(&exprs);","    let compiler = Compiler::new();","    let exprs: Vec<Hir> = vec![Hir::any(true)];","    assert_eq!(compiler.compiled.start, 0);","}"],[{"start_line":171,"start_column":12,"end_line":171,"end_column":41,"positive":false,"negative":false}]],[["{","    let compiler = Compiler::new();","    let exprs: Vec<Hir> = vec![Hir::any(true)];","    let _ = compiler.compile_many(&exprs);","    let compiler = Compiler::new();","    let exprs: Vec<Hir> = vec![Hir::any(true)];","    assert!(!compiler.compiled.is_anchored_start);","}"],[{"start_line":171,"start_column":12,"end_line":171,"end_column":41,"positive":false,"negative":false}]],[["{","    let compiler = Compiler::new();","    let exprs: Vec<Hir> = vec![Hir::any(true)];","    let _ = compiler.compile_many(&exprs);","    let compiler = Compiler::new();","    let exprs: Vec<Hir> = vec![Hir::any(true)];","    assert!(!compiler.compiled.is_anchored_end);","}"],[{"start_line":171,"start_column":12,"end_line":171,"end_column":41,"positive":false,"negative":false}]]]}