{
    "function_name": "regex::dfa::can_exec",
    "file_path": "/home/abezbm/rusty-unit/evaluation/regex/rusty-unit-0/src/dfa.rs",
    "work_dir": "/home/abezbm/rust-utgen-test-crates-new/regex",
    "tests": 93,
    "tests_lines": [
        22,
        38,
        22,
        22,
        23,
        24,
        25,
        26,
        27,
        28,
        29,
        31,
        39,
        27,
        28,
        29,
        30,
        31,
        32,
        33,
        34,
        27,
        28,
        29,
        30,
        31,
        30,
        34,
        38,
        42,
        46,
        53,
        31,
        46,
        46,
        22,
        23,
        24,
        25,
        27,
        22,
        25,
        26,
        28,
        29,
        46,
        46,
        22,
        23,
        24,
        25,
        26,
        27,
        28,
        29,
        30,
        31,
        32,
        33,
        34,
        35,
        22,
        22,
        22,
        22,
        23,
        22,
        22,
        24,
        24,
        25,
        26,
        27,
        28,
        29,
        22,
        23,
        24,
        25,
        26,
        50,
        48,
        65,
        48,
        65,
        52,
        74,
        93,
        111,
        129,
        58,
        61,
        63
    ],
    "oracles": 31,
    "oracles_compiled": 1,
    "oracles_compiled_rate": 3.225806451612903,
    "tests_compiled": 1,
    "tests_compiled_rate": 1.0752688172043012,
    "oracles_run": 1,
    "oracles_passed": 1,
    "oracles_passed_rate": 100.0,
    "tests_run": 1,
    "tests_passed": 1,
    "tests_passed_rate": 100.0,
    "lines": 10,
    "lines_covered": 0,
    "lines_coveraged_rate": 0.0,
    "branches": 4,
    "branches_covered": 0,
    "branches_coverage_rate": 0.0,
    "codes_lines": [
        66,
        74,
        75,
        76,
        77,
        78,
        79,
        80,
        83,
        84
    ],
    "codes_lines_covered": [
        [
            [
                "{",
                "   use std::sync::Arc;  ",
                "   use internal::InstRanges;  ",
                "",
                "",
                "",
                "",
                "",
                "",
                "",
                "",
                "",
                "",
                "",
                "",
                "",
                "",
                "",
                "",
                "",
                "",
                "",
                "",
                "",
                "",
                "",
                "",
                "",
                "}"
            ],
            []
        ]
    ],
    "codes_branches": [
        {
            "start_line": 74,
            "start_column": 8,
            "end_line": 74,
            "end_column": 33,
            "positive": false,
            "negative": false
        },
        {
            "start_line": 74,
            "start_column": 37,
            "end_line": 74,
            "end_column": 75,
            "positive": false,
            "negative": false
        }
    ],
    "codes_branches_covered": [
        [
            [
                "{",
                "   use std::sync::Arc;  ",
                "   use internal::InstRanges;  ",
                "",
                "",
                "",
                "",
                "",
                "",
                "",
                "",
                "",
                "",
                "",
                "",
                "",
                "",
                "",
                "",
                "",
                "",
                "",
                "",
                "",
                "",
                "",
                "",
                "",
                "}"
            ],
            [
                {
                    "start_line": 74,
                    "start_column": 8,
                    "end_line": 74,
                    "end_column": 33,
                    "positive": false,
                    "negative": false
                },
                {
                    "start_line": 74,
                    "start_column": 37,
                    "end_line": 74,
                    "end_column": 75,
                    "positive": false,
                    "negative": false
                }
            ]
        ]
    ]
}