{"function_name":"http::header::map::header::map::HeaderMap<T>::drain","file_path":"/home/abezbm/rust-utgen-test-crates-new/http/src/header/map.rs","work_dir":"/home/abezbm/rust-utgen-test-crates-new/http","tests":52,"tests_lines":[6,6,6,6,6,6,9,9,9,9,9,12,12,12,12,13,8,8,9,9,10,10,13,13,13,13,13,13,13,13,14,14,14,14,14,14,7,7,7,7,7,11,12,14,14,14,14,14,14,14,14,14],"oracles":9,"oracles_compiled":3,"oracles_compiled_rate":33.33333333333333,"tests_compiled":11,"tests_compiled_rate":21.153846153846153,"oracles_run":3,"oracles_passed":2,"oracles_passed_rate":66.66666666666666,"tests_run":11,"tests_passed":7,"tests_passed_rate":63.63636363636363,"lines":20,"lines_covered":18,"lines_coveraged_rate":90.0,"branches":1,"branches_covered":1,"branches_coverage_rate":100.0,"codes_lines":[1023,1024,1025,1026,1035,1036,1037,1038,1039,1040,1041,1042,1043,1044,1045,1046,1047,1048,1049,1050],"codes_lines_covered":[[["{","    let mut map: HeaderMap<HeaderValue> = HeaderMap::with_capacity(0);","    let drain = map.drain();","    let map: HeaderMap<HeaderValue> = HeaderMap::with_capacity(0);","    assert_eq!(drain.idx, 0);","}"],[1023,1024,1035,1036,1037,1038,1039,1040,1041,1042,1043,1044,1045,1046,1047,1048,1049,1050]],[["{","    let mut map: HeaderMap<HeaderValue> = HeaderMap::with_capacity(0);","    let drain = map.drain();","    let map: HeaderMap<HeaderValue> = HeaderMap::with_capacity(0);","    assert_eq!(drain.len, 0);","}"],[1023,1024,1035,1036,1037,1038,1039,1040,1041,1042,1043,1044,1045,1046,1047,1048,1049,1050]],[["{","    let mut map: HeaderMap<HeaderValue> = HeaderMap::with_capacity(0);","    let drain = map.drain();","    let map: HeaderMap<HeaderValue> = HeaderMap::with_capacity(0);","    assert_eq!(drain.entries, &mut [] as *mut _);","}"],[1023,1024,1035,1036,1037,1038,1039,1040,1041,1042,1043,1044,1045,1046,1047,1048,1049,1050]],[["{","    let mut map: HeaderMap<HeaderValue> = HeaderMap::with_capacity(0);","    let drain = map.drain();","    let map: HeaderMap<HeaderValue> = HeaderMap::with_capacity(0);","    assert_eq!(drain.extra_values, &mut vec![] as *mut _);","}"],[1023,1024,1035,1036,1037,1038,1039,1040,1041,1042,1043,1044,1045,1046,1047,1048,1049,1050]],[["{","    let mut map: HeaderMap<HeaderValue> = HeaderMap::with_capacity(0);","    let drain = map.drain();","    let map: HeaderMap<HeaderValue> = HeaderMap::with_capacity(0);","    assert!(drain.next.is_none());","}"],[1023,1024,1035,1036,1037,1038,1039,1040,1041,1042,1043,1044,1045,1046,1047,1048,1049,1050]],[["{","   let mut map: HeaderMap<HeaderValue> = HeaderMap::with_capacity(3);","   map.insert(HeaderName::from_static(\"Host\"), \"localhost\".parse().unwrap());","   map.append(HeaderName::from_static(\"Host\"), \"127.0.0.1\".parse().unwrap());","   map.insert(HeaderName::from_static(\"Content-Length\"), \"100\".parse().unwrap());","   let drain = map.drain();","   let mut map: HeaderMap<HeaderValue> = HeaderMap::with_capacity(3);","   map.insert(HeaderName::from_static(\"Host\"), \"localhost\".parse().unwrap());","   map.append(HeaderName::from_static(\"Host\"), \"127.0.0.1\".parse().unwrap());","   map.insert(HeaderName::from_static(\"Content-Length\"), \"100\".parse().unwrap());","   assert_eq!(drain.idx, 0);","}"],[]],[["{","    let mut map: HeaderMap = HeaderMap::with_capacity(0);","    let drain = map.drain();","    let mut map: HeaderMap = HeaderMap::with_capacity(0);","    let drain = map.drain();","    assert_eq!(drain.idx, 0);","}"],[1023,1024,1035,1036,1037,1038,1039,1040,1041,1042,1043,1044,1045,1046,1047,1048,1049,1050]],[["{","    let mut map: HeaderMap = HeaderMap::with_capacity(0);","    let drain = map.drain();","    let mut map: HeaderMap = HeaderMap::with_capacity(0);","    let drain = map.drain();","    assert_eq!(drain.len, 0);","}"],[1023,1024,1035,1036,1037,1038,1039,1040,1041,1042,1043,1044,1045,1046,1047,1048,1049,1050]],[["{","    let mut map: HeaderMap = HeaderMap::with_capacity(0);","    let drain = map.drain();","    let mut map: HeaderMap = HeaderMap::with_capacity(0);","    let drain = map.drain();","    assert!(drain.entries.is_null());","}"],[1023,1024,1035,1036,1037,1038,1039,1040,1041,1042,1043,1044,1045,1046,1047,1048,1049,1050]],[["{","    let mut map: HeaderMap = HeaderMap::with_capacity(0);","    let drain = map.drain();","    let mut map: HeaderMap = HeaderMap::with_capacity(0);","    let drain = map.drain();","    assert!(drain.extra_values.is_null());","}"],[1023,1024,1035,1036,1037,1038,1039,1040,1041,1042,1043,1044,1045,1046,1047,1048,1049,1050]],[["{","    let mut map: HeaderMap = HeaderMap::with_capacity(0);","    let drain = map.drain();","    let mut map: HeaderMap = HeaderMap::with_capacity(0);","    let drain = map.drain();","    assert!(drain.next.is_none());","}"],[1023,1024,1035,1036,1037,1038,1039,1040,1041,1042,1043,1044,1045,1046,1047,1048,1049,1050]]],"codes_branches":[],"codes_branches_covered":[[["{","    let mut map: HeaderMap<HeaderValue> = HeaderMap::with_capacity(0);","    let drain = map.drain();","    let map: HeaderMap<HeaderValue> = HeaderMap::with_capacity(0);","    assert_eq!(drain.idx, 0);","}"],[]],[["{","    let mut map: HeaderMap<HeaderValue> = HeaderMap::with_capacity(0);","    let drain = map.drain();","    let map: HeaderMap<HeaderValue> = HeaderMap::with_capacity(0);","    assert_eq!(drain.len, 0);","}"],[]],[["{","    let mut map: HeaderMap<HeaderValue> = HeaderMap::with_capacity(0);","    let drain = map.drain();","    let map: HeaderMap<HeaderValue> = HeaderMap::with_capacity(0);","    assert_eq!(drain.entries, &mut [] as *mut _);","}"],[]],[["{","    let mut map: HeaderMap<HeaderValue> = HeaderMap::with_capacity(0);","    let drain = map.drain();","    let map: HeaderMap<HeaderValue> = HeaderMap::with_capacity(0);","    assert_eq!(drain.extra_values, &mut vec![] as *mut _);","}"],[]],[["{","    let mut map: HeaderMap<HeaderValue> = HeaderMap::with_capacity(0);","    let drain = map.drain();","    let map: HeaderMap<HeaderValue> = HeaderMap::with_capacity(0);","    assert!(drain.next.is_none());","}"],[]],[["{","   let mut map: HeaderMap<HeaderValue> = HeaderMap::with_capacity(3);","   map.insert(HeaderName::from_static(\"Host\"), \"localhost\".parse().unwrap());","   map.append(HeaderName::from_static(\"Host\"), \"127.0.0.1\".parse().unwrap());","   map.insert(HeaderName::from_static(\"Content-Length\"), \"100\".parse().unwrap());","   let drain = map.drain();","   let mut map: HeaderMap<HeaderValue> = HeaderMap::with_capacity(3);","   map.insert(HeaderName::from_static(\"Host\"), \"localhost\".parse().unwrap());","   map.append(HeaderName::from_static(\"Host\"), \"127.0.0.1\".parse().unwrap());","   map.insert(HeaderName::from_static(\"Content-Length\"), \"100\".parse().unwrap());","   assert_eq!(drain.idx, 0);","}"],[]],[["{","    let mut map: HeaderMap = HeaderMap::with_capacity(0);","    let drain = map.drain();","    let mut map: HeaderMap = HeaderMap::with_capacity(0);","    let drain = map.drain();","    assert_eq!(drain.idx, 0);","}"],[]],[["{","    let mut map: HeaderMap = HeaderMap::with_capacity(0);","    let drain = map.drain();","    let mut map: HeaderMap = HeaderMap::with_capacity(0);","    let drain = map.drain();","    assert_eq!(drain.len, 0);","}"],[]],[["{","    let mut map: HeaderMap = HeaderMap::with_capacity(0);","    let drain = map.drain();","    let mut map: HeaderMap = HeaderMap::with_capacity(0);","    let drain = map.drain();","    assert!(drain.entries.is_null());","}"],[]],[["{","    let mut map: HeaderMap = HeaderMap::with_capacity(0);","    let drain = map.drain();","    let mut map: HeaderMap = HeaderMap::with_capacity(0);","    let drain = map.drain();","    assert!(drain.extra_values.is_null());","}"],[]],[["{","    let mut map: HeaderMap = HeaderMap::with_capacity(0);","    let drain = map.drain();","    let mut map: HeaderMap = HeaderMap::with_capacity(0);","    let drain = map.drain();","    assert!(drain.next.is_none());","}"],[]]]}