{"function_name":"rand_pcg::pcg64::<pcg64::Lcg64Xsh32 as rand_core::SeedableRng>::from_seed","tests":17,"tests_lines":[7,7,13,13,10,10,15,15,12,12,13,13,13,13,13,13,13],"oracles":7,"oracles_compiled":5,"oracles_compiled_rate":71.42857142857143,"tests_compiled":12,"tests_compiled_rate":70.58823529411765,"oracles_run":5,"oracles_passed":3,"oracles_passed_rate":60.0,"tests_run":12,"tests_passed":3,"tests_passed_rate":25.0,"lines":7,"lines_covered":7,"lines_coveraged_rate":100.0,"branches":1,"branches_covered":1,"branches_coverage_rate":100.0,"codes_lines":[129,130,131,132,133,134,135],"codes_lines_covered":[[["{","    let seed: [u8; 16] = [0; 16];","    let rng = Lcg64Xsh32::from_seed(seed);","    let seed: [u8; 16] = [0; 16];","    let rng = Lcg64Xsh32::from_seed(seed);","    assert_eq!(rng.state, 1);","}"],[129,130,131,132,133,134,135]],[["{","    let seed: [u8; 16] = [0; 16];","    let rng = Lcg64Xsh32::from_seed(seed);","    let seed: [u8; 16] = [0; 16];","    let rng = Lcg64Xsh32::from_seed(seed);","    assert_eq!(rng.increment, 1);","}"],[129,130,131,132,133,134,135]],[["{","    let seed: [u8; 16] = [","        255, 255, 255, 255, 255, 255, 255, 255,","        255, 255, 255, 255, 255, 255, 255, 255,","    ];","    let rng = Lcg64Xsh32::from_seed(seed);","    let seed: [u8; 16] = [","    255, 255, 255, 255, 255, 255, 255, 255,","    255, 255, 255, 255, 255, 255, 255, 255,","    ];","    let rng = Lcg64Xsh32::from_seed(seed);","    assert_eq!(rng.state, 0); // Check initial state after seeding","}"],[129,130,131,132,133,134,135]],[["{","    let seed: [u8; 16] = [","        255, 255, 255, 255, 255, 255, 255, 255,","        255, 255, 255, 255, 255, 255, 255, 255,","    ];","    let rng = Lcg64Xsh32::from_seed(seed);","    let seed: [u8; 16] = [","    255, 255, 255, 255, 255, 255, 255, 255,","    255, 255, 255, 255, 255, 255, 255, 255,","    ];","    let rng = Lcg64Xsh32::from_seed(seed);","    assert_eq!(rng.increment, 1); // Check increment after seeding with odd adjustment","}"],[129,130,131,132,133,134,135]],[["{","    let seed: [u8; 16] = [","        0, 0, 0, 0, 255, 255, 255, 255,","        255, 255, 255, 255, 255, 255, 255, 1,","    ];","    let rng = Lcg64Xsh32::from_seed(seed);","    let seed: [u8; 16] = [","    0, 0, 0, 0, 255, 255, 255, 255,","    255, 255, 255, 255, 255, 255, 255, 1,","    ];","    let expected_state: u64 = 6364136223846793005; // hypothetical expected state value, adjust based on actual implementation","    let expected_increment: u64 = 9223372036854775808; // hypothetical expected increment value, adjust based on actual implementation","    let rng = Lcg64Xsh32::from_seed(seed);","    assert_eq!(rng.state, expected_state);","}"],[129,130,131,132,133,134,135]],[["{","    let seed: [u8; 16] = [","        0, 0, 0, 0, 255, 255, 255, 255,","        255, 255, 255, 255, 255, 255, 255, 1,","    ];","    let rng = Lcg64Xsh32::from_seed(seed);","    let seed: [u8; 16] = [","    0, 0, 0, 0, 255, 255, 255, 255,","    255, 255, 255, 255, 255, 255, 255, 1,","    ];","    let expected_state: u64 = 6364136223846793005; // hypothetical expected state value, adjust based on actual implementation","    let expected_increment: u64 = 9223372036854775808; // hypothetical expected increment value, adjust based on actual implementation","    let rng = Lcg64Xsh32::from_seed(seed);","    assert_eq!(rng.increment, expected_increment);","}"],[129,130,131,132,133,134,135]],[["{","    let seed: [u8; 16] = [","        0, 0, 0, 0, 0, 0, 0, 0,","        0, 0, 0, 0, 0, 0, 0, 3,","    ];","    let rng = Lcg64Xsh32::from_seed(seed);","    let mut seed_u64 = [0u64; 2];","    le::read_u64_into(&seed, &mut seed_u64);","    let expected_state = seed_u64[0].wrapping_add((seed_u64[1] | 1));","    let rng = Lcg64Xsh32::from_state_incr(expected_state, (seed_u64[1] | 1));","    assert_eq!(rng.state, expected_state);","}"],[129,130,131,132,133,134,135]],[["{","    let seed: [u8; 16] = [","        0, 0, 0, 0, 0, 0, 0, 0,","        0, 0, 0, 0, 0, 0, 0, 3,","    ];","    let rng = Lcg64Xsh32::from_seed(seed);","    let mut seed_u64 = [0u64; 2];","    le::read_u64_into(&seed, &mut seed_u64);","    let expected_state = seed_u64[0].wrapping_add((seed_u64[1] | 1));","    let rng = Lcg64Xsh32::from_state_incr(expected_state, (seed_u64[1] | 1));","    assert_eq!(rng.increment, (seed_u64[1] | 1));","}"],[129,130,131,132,133,134,135]],[["{","    let seed: [u8; 16] = [","        0, 0, 0, 0, 0, 0, 0, 0,","        0, 0, 0, 0, 0, 0, 0, 2,","    ];","    let rng = Lcg64Xsh32::from_seed(seed);","    let seed: [u8; 16] = [","    0, 0, 0, 0, 0, 0, 0, 0,","    0, 0, 0, 0, 0, 0, 0, 2,","    ];","    let rng = Lcg64Xsh32::from_seed(seed);","    assert_eq!(rng.state, 1);","}"],[129,130,131,132,133,134,135]],[["{","    let seed: [u8; 16] = [","        0, 0, 0, 0, 0, 0, 0, 0,","        0, 0, 0, 0, 0, 0, 0, 2,","    ];","    let rng = Lcg64Xsh32::from_seed(seed);","    let seed: [u8; 16] = [","    0, 0, 0, 0, 0, 0, 0, 0,","    0, 0, 0, 0, 0, 0, 0, 2,","    ];","    let rng = Lcg64Xsh32::from_seed(seed);","    assert_eq!(rng.increment % 2, 1);","}"],[129,130,131,132,133,134,135]],[["{","    let seed: [u8; 16] = [","        0, 0, 0, 0, 0, 0, 0, 0,","        0, 0, 0, 0, 0, 0, 0, 2,","    ];","    let rng = Lcg64Xsh32::from_seed(seed);","    let seed: [u8; 16] = [","    0, 0, 0, 0, 0, 0, 0, 0,","    0, 0, 0, 0, 0, 0, 0, 2,","    ];","    let rng = Lcg64Xsh32::from_seed(seed);","    assert_eq!(rng.increment, 1);","}"],[129,130,131,132,133,134,135]],[["{","    let seed: [u8; 16] = [","        0, 0, 0, 0, 0, 0, 0, 0,","        0, 0, 0, 0, 0, 0, 0, 2,","    ];","    let rng = Lcg64Xsh32::from_seed(seed);","    let seed: [u8; 16] = [","    0, 0, 0, 0, 0, 0, 0, 0,","    0, 0, 0, 0, 0, 0, 0, 2,","    ];","    let rng = Lcg64Xsh32::from_seed(seed);","    assert_eq!(rng.increment, (0 << 1) | 1);","}"],[129,130,131,132,133,134,135]]],"codes_branches":[],