{"function_name":"bytes::bytes::bytes::Bytes::slice","tests":26,"tests_lines":[6,4,4,5,4,6,6,6,5,5,5,6,6,5,5,4,4,4,5,5,5,4,4,5,5,5],"oracles":26,"oracles_compiled":26,"oracles_compiled_rate":100.0,"tests_compiled":26,"tests_compiled_rate":100.0,"oracles_run":26,"oracles_passed":25,"oracles_passed_rate":96.15384615384616,"tests_run":26,"tests_passed":25,"tests_passed_rate":96.15384615384616,"lines":27,"lines_covered":25,"lines_coveraged_rate":92.5925925925926,"branches":2,"branches_covered":2,"branches_coverage_rate":100.0,"codes_lines":[373,376,378,379,380,381,384,385,386,387,390,391,392,396,397,398,403,404,405,406,407,408,409,410,411,412,413],"codes_lines_covered":[[["{","    let a = Bytes::from_static(b\"hello world\");","    let b = a.slice(..);","    assert_eq!(b.len(), a.len());","    assert_eq!(unsafe { core::slice::from_raw_parts(b.ptr, b.len) }, b\"hello world\");","}"],[373,376,378,381,384,387,390,391,396,397,403,405,406,407,408,409,410,411,412,413]],[["{","    let a = Bytes::from_static(b\"hello world\");","    let _ = a.slice(0..12);","}"],[373,376,378,379,384,386,390,391,396,397,398]],[["{","    let a = Bytes::from_static(b\"hello world\");","    let _ = a.slice(5..5);","}"],[373,376,378,379,384,386,390,391,396,397,403,404,413]],[["{","    let a = Bytes::from_static(b\"hello world\");","    let b = a.slice(5..5);","    assert!(b.is_empty());","}"],[373,376,378,379,384,386,390,391,396,397,403,404,413]],[["{","    let a = Bytes::from_static(b\"hello\");","    let _ = a.slice(6..5);","}"],[373,376,378,379,384,386,390,391,392]],[["{","    let data = b\"hello world\";","    let bytes = Bytes::from_static(data);","    let result = bytes.slice(1..4);","    assert_eq!(&result[..], b\"ell\");","}"],[373,376,378,379,384,386,390,391,396,397,403,405,406,407,408,409,410,411,412,413]],[["{","    let data = b\"hello world\";","    let bytes = Bytes::from_static(data);","    let result = bytes.slice(0..5);","    assert_eq!(&result[..], b\"hello\");","}"],[373,376,378,379,384,386,390,391,396,397,403,405,406,407,408,409,410,411,412,413]],[["{","    let data = b\"hello world\";","    let bytes = Bytes::from_static(data);","    let result = bytes.slice(5..5);","    assert!(result.is_empty());","}"],[373,376,378,379,384,386,390,391,396,397,403,404,413]],[["{","    let data = b\"hello world\";","    let bytes = Bytes::from_static(data);","    let _ = bytes.slice(3..1);","}"],[373,376,378,379,384,386,390,391,392]],[["{","    let data = b\"hello world\";","    let bytes = Bytes::from_static(data);","    let _ = bytes.slice(0..12);","}"],[373,376,378,379,384,386,390,391,396,397,398]],[["{","    let data = b\"hello world\";","    let bytes = Bytes::from_static(data);","    let _ = bytes.slice(11..12);","}"],[373,376,378,379,384,386,390,391,396,397,398]],[["{","    let data = b\"hello world\";","    let bytes = Bytes::from_static(data);","    let result = bytes.slice(6..11);","    assert_eq!(&result[..], b\"world\");","}"],[373,376,378,379,384,386,390,391,396,397,403,405,406,407,408,409,410,411,412,413]],[["{","    let data = b\"hello world\";","    let bytes = Bytes::from_static(data);","    let result = bytes.slice(0..11);","    assert_eq!(&result[..], b\"hello world\");","}"],[373,376,378,379,384,386,390,391,396,397,403,405,406,407,408,409,410,411,412,413]],[["{","    let bytes = Bytes::from_static(b\"hello world\");","    let sliced = bytes.slice(2..5);","    assert_eq!(&sliced.as_slice()[..], b\"llo\");","}"],[373,376,378,379,384,386,390,391,396,397,403,405,406,407,408,409,410,411,412,413]],[["{","    let bytes = Bytes::from_static(b\"hello world\");","    let sliced = bytes.slice(..5);","    assert_eq!(&sliced.as_slice()[..], b\"hello\");","}"],[373,376,378,381,384,386,390,391,396,397,403,405,406,407,408,409,410,411,412,413]],[["{","    let bytes = Bytes::from_static(b\"hello world\");","    let _ = bytes.slice(5..2);","}"],[373,376,378,379,384,386,390,391,392]],[["{","    let bytes = Bytes::from_static(b\"hello world\");","    let _ = bytes.slice(0..15);","}"],[373,376,378,379,384,386,390,391,396,397,398]],[["{","    let bytes = Bytes::from_static(b\"hello world\");","    let _ = bytes.slice(12..15);","}"],[373,376,378,379,384,386,390,391,396,397,398]],[["{","    let bytes = Bytes::from_static(b\"hello world\");","    let sliced = bytes.slice(5..5);","    assert!(sliced.is_empty());","}"],[373,376,378,379,384,386,390,391,396,397,403,404,413]],[["{","    let bytes = Bytes::from_static(b\"hello world\");","    let slice_bytes = bytes.slice(2..5);","    assert_eq!(&slice_bytes[..], b\"llo\");","}"],[373,376,378,379,384,386,390,391,396,397,403,405,406,407,408,409,410,411,412,413]],[["{","    let bytes = Bytes::from_static(b\"hello world\");","    let slice_bytes = bytes.slice(5..5);","    assert!(slice_bytes.is_empty());","}"],[373,376,378,379,384,386,390,391,396,397,403,404,413]],[["{","    let bytes = Bytes::from_static(b\"hello world\");","    bytes.slice(5..3);","}"],[373,376,378,379,384,386,390,391,392]],[["{","    let bytes = Bytes::from_static(b\"hello world\");","    bytes.slice(0..12);","}"],[373,376,378,379,384,386,390,391,396,397,398]],[["{","    let bytes = Bytes::from_static(b\"hello world\");","    let slice_bytes = bytes.slice(0..11);","    assert_eq!(&slice_bytes[..], b\"hello world\");","}"],[373,376,378,379,384,386,390,391,396,397,403,405,406,407,408,409,410,411,412,413]],[["{","    let bytes = Bytes::from_static(b\"hello world\");","    let slice_bytes = bytes.slice(0..);","    assert_eq!(&slice_bytes[..], b\"hello world\");","}"],[373,376,378,379,384,387,390,391,396,397,403,405,406,407,408,409,410,411,412,413]],[["{","    let bytes = Bytes::from_static(b\"hello world\");","    let slice_bytes = bytes.slice(..5);","    assert_eq!(&slice_bytes[..], b\"hello\");","}"],[373,376,378,381,384,386,390,391,396,397,403,405,406,407,408,409,410,411,412,413]]],"codes_branches":[{"start_line":403,"start_column":12,"end_line":403,"end_column":24,"positive":true,"negative":true}],"codes_branches_covered":[[["{","    let a = Bytes::from_static(b\"hello world\");","    let b = a.slice(..);","    assert_eq!(b.len(), a.len());","    assert_eq!(unsafe { core::slice::from_raw_parts(b.ptr, b.len) }, b\"hello world\");","}"],[{"start_line":403,"start_column":12,"end_line":403,"end_column":24,"positive":false,"negative":true}]],[["{","    let a = Bytes::from_static(b\"hello world\");","    let _ = a.slice(0..12);","}"],[{"start_line":403,"start_column":12,"end_line":403,"end_column":24,"positive":false,"negative":false}]],[["{","    let a = Bytes::from_static(b\"hello world\");","    let _ = a.slice(5..5);","}"],[{"start_line":403,"start_column":12,"end_line":403,"end_column":24,"positive":true,"negative":false}]],[["{","    let a = Bytes::from_static(b\"hello world\");","    let b = a.slice(5..5);","    assert!(b.is_empty());","}"],[{"start_line":403,"start_column":12,"end_line":403,"end_column":24,"positive":true,"negative":false}]],[["{","    let a = Bytes::from_static(b\"hello\");","    let _ = a.slice(6..5);","}"],[{"start_line":403,"start_column":12,"end_line":403,"end_column":24,"positive":false,"negative":false}]],[["{","    let data = b\"hello world\";","    let bytes = Bytes::from_static(data);","    let result = bytes.slice(1..4);","    assert_eq!(&result[..], b\"ell\");","}"],[{"start_line":403,"start_column":12,"end_line":403,"end_column":24,"positive":false,"negative":true}]],[["{","    let data = b\"hello world\";","    let bytes = Bytes::from_static(data);","    let result = bytes.slice(0..5);","    assert_eq!(&result[..], b\"hello\");","}"],[{"start_line":403,"start_column":12,"end_line":403,"end_column":24,"positive":false,"negative":true}]],[["{","    let data = b\"hello world\";","    let bytes = Bytes::from_static(data);","    let result = bytes.slice(5..5);","    assert!(result.is_empty());","}"],[{"start_line":403,"start_column":12,"end_line":403,"end_column":24,"positive":true,