{"function_name":"http::header::name::header::name::HeaderName::from_static","tests":28,"tests_lines":[4,3,3,3,6,6,4,5,4,4,10,3,5,3,3,10,33,3,4,3,3,4,5,3,4,3,3,6],"oracles":28,"oracles_compiled":9,"oracles_compiled_rate":32.142857142857146,"tests_compiled":9,"tests_compiled_rate":32.142857142857146,"oracles_run":9,"oracles_passed":9,"oracles_passed_rate":100.0,"tests_run":9,"tests_passed":9,"tests_passed_rate":100.0,"lines":29,"lines_covered":29,"lines_coveraged_rate":100.0,"branches":12,"branches_covered":11,"branches_coverage_rate":91.66666666666666,"codes_lines":[1256,1257,1258,1259,1260,1261,1262,1263,1264,1265,1267,1268,1269,1270,1271,1272,1274,1275,1276,1277,1278,1279,1280,1281,1282,1284,1285,1286,1287],"codes_lines_covered":[[["{","    let hdr = HeaderName::from_static(\"content-length\");","    assert_eq!(CONTENT_LENGTH, hdr);","}"],[1256,1257,1258,1259,1260,1261,1287]],[["{","    HeaderName::from_static(\"\");","}"],[1256,1257,1258,1262,1263,1264,1274,1275,1276,1277,1278,1279,1280,1281,1282,1284,1285,1286,1287]],[["{","    HeaderName::from_static(\"UPPERCASE\");","}"],[1256,1257,1258,1262,1263,1264,1265,1267,1269,1270,1274,1275,1276,1277,1278,1279,1280,1281,1282,1284,1285,1286,1287]],[["{","    HeaderName::from_static(\"content{}length\");","}"],[1256,1257,1258,1262,1263,1264,1265,1267,1269,1270,1271,1272,1274,1275,1276,1277,1278,1279,1280,1281,1282,1284,1285,1286,1287]],[["{","    let custom_header: &'static str = \"custom-header\";","    let a = HeaderName::from_lowercase(b\"custom-header\").unwrap();","    let b = HeaderName::from_static(custom_header);","    assert_eq!(a, b);","}"],[1256,1257,1258,1262,1263,1264,1265,1267,1268,1269,1271,1272,1282,1284,1285,1286,1287]],[["{","    // Valid header name that conforms to lowercase and symbol constraints","    const VALID_HEADER: &'static str = \"custom-header\";","    let hdr = HeaderName::from_static(VALID_HEADER);","    assert_eq!(hdr.inner, Repr::Custom(Custom(ByteStr::from_static(VALID_HEADER))));","}"],[1256,1257,1258,1262,1263,1264,1265,1267,1268,1269,1271,1272,1282,1284,1285,1286,1287]],[["{","    // Empty header name","    HeaderName::from_static(\"\");","}"],[1256,1257,1258,1262,1263,1264,1274,1275,1276,1277,1278,1279,1280,1281,1282,1284,1285,1286,1287]],[["{","    // Header name that contains invalid symbols","    HeaderName::from_static(\"invalid{}header\");","}"],[1256,1257,1258,1262,1263,1264,1265,1267,1269,1270,1271,1272,1274,1275,1276,1277,1278,1279,1280,1281,1282,1284,1285,1286,1287]],[["{","    // Header name that contains uppercase characters","    HeaderName::from_static(\"UppercaseHeader\");","}"],[1256,1257,1258,1262,1263,1264,1265,1267,1269,1270,1274,1275,1276,1277,1278,1279,1280,1281,1282,1284,1285,1286,1287]]],"codes_branches":[{"start_line":1258,"start_column":16,"end_line":1258,"end_column":30,"positive":true,"negative":true},{"start_line":1264,"start_column":12,"end_line":1264,"end_column":33,"positive":true,"negative":true},{"start_line":1264,"start_column":37,"end_line":1264,"end_column":82,"positive":false,"negative":true},{"start_line":1264,"start_column":86,"end_line":1274,"end_column":10,"positive":true,"negative":true},{"start_line":1267,"start_column":20,"end_line":1267,"end_column":41,"positive":true,"negative":true},{"start_line":1269,"start_column":27,"end_line":1269,"end_column":71,"positive":true,"negative":true}],"codes_branches_covered":[[["{","    let hdr = HeaderName::from_static(\"content-length\");","    assert_eq!(CONTENT_LENGTH, hdr);","}"],[{"start_line":1258,"start_column":16,"end_line":1258,"end_column":30,"positive":true,"negative":false},{"start_line":1264,"start_column":12,"end_line":1264,"end_column":33,"positive":false,"negative":false},{"start_line":1264,"start_column":37,"end_line":1264,"end_column":82,"positive":false,"negative":false},{"start_line":1264,"start_column":86,"end_line":1274,"end_column":10,"positive":false,"negative":false},{"start_line":1267,"start_column":20,"end_line":1267,"end_column":41,"positive":false,"negative":false},{"start_line":1269,"start_column":27,"end_line":1269,"end_column":71,"positive":false,"negative":false}]],[["{","    HeaderName::from_static(\"\");","}"],[{"start_line":1258,"start_column":16,"end_line":1258,"end_column":30,"positive":false,"negative":true},{"start_line":1264,"start_column":12,"end_line":1264,"end_column":33,"positive":true,"negative":false},{"start_line":1264,"start_column":37,"end_line":1264,"end_column":82,"positive":false,"negative":false},{"start_line":1264,"start_column":86,"end_line":1274,"end_column":10,"positive":false,"negative":false},{"start_line":1267,"start_column":20,"end_line":1267,"end_column":41,"positive":false,"negative":false},{"start_line":1269,"start_column":27,"end_line":1269,"end_column":71,"positive":false,"negative":false}]],[["{","    HeaderName::from_static(\"UPPERCASE\");","}"],[{"start_line":1258,"start_column":16,"end_line":1258,"end_column":30,"positive":false,"negative":true},{"start_line":1264,"start_column":12,"end_line":1264,"end_column":33,"positive":false,"negative":true},{"start_line":1264,"start_column":37,"end_line":1264,"end_column":82,"positive":false,"negative":true},{"start_line":1264,"start_column":86,"end_line":1274,"end_column":10,"positive":true,"negative":false},{"start_line":1267,"start_column":20,"end_line":1267,"end_column":41,"positive":false,"negative":true},{"start_line":1269,"start_column":27,"end_line":1269,"end_column":71,"positive":true,"negative":false}]],[["{","    HeaderName::from_static(\"content{}length\");","}"],[{"start_line":1258,"start_column":16,"end_line":1258,"end_column":30,"positive":false,"negative":true},{"start_line":1264,"start_column":12,"end_line":1264,"end_column":33,"positive":false,"negative":true},{"start_line":1264,"start_column":37,"end_line":1264,"end_column":82,"positive":false,"negative":true},{"start_line":1264,"start_column":86,"end_line":1274,"end_column":10,"positive":true,"negative":false},{"start_line":1267,"start_column":20,"end_line":1267,"end_column":41,"positive":false,"negative":true},{"start_line":1269,"start_column":27,"end_line":1269,"end_column":71,"positive":true,"negative":true}]],[["{","    let custom_header: &'static str = \"custom-header\";","    let a = HeaderName::from_lowercase(b\"custom-header\").unwrap();","    let b = HeaderName::from_static(custom_header);","    assert_eq!(a, b);","}"],[{"start_line":1258,"start_column":16,"end_line":1258,"end_column":30,"positive":false,"negative":true},{"start_line":1264,"start_column":12,"end_line":1264,"end_column":33,"positive":false,"negative":true},{"start_line":1264,"start_column":37,"end_line":1264,"end_column":82,"positive":false,"negative":true},{"start_line":1264,"start_column":86,"end_line":1274,"end_column":10,"positive":false,"negative":true},{"start_line":1267,"start_column":20,"end_line":1267,"end_column":41,"positive":true,"negative":true},{"start_line":1269,"start_column":27,"end_line":1269,"end_column":71,"positive":false,"negative":true}]],[["{","    // Valid header name that conforms to lowercase and symbol constraints","    const VALID_HEADER: &'static str = \"custom-header\";","    let hdr = HeaderName::from_static(VALID_HEADER);","    assert_eq!(hdr.inner, Repr::Custom(Custom(ByteStr::from_static(VALID_HEADER))));","}"],[{"start_line":1258,"start_column":16,"end_line":1258,"end_column":30,"positive":false,"negative":true},{"start_line":1264,"start_column":12,"end_line":1264,"end_column":33,"positive":false,"negative":true},{"start_line":1264,"start_column":37,"end_line":1264,"end_column":82,"positive":false,"negative":true},{"start_line":1264,"start_column":86,"end_line":1274,"end_column":10,"positive":false,"negative":true},{"start_line":1267,"start_column":20,"end_line":1267,"end_column":41,"positive":true,"negative":true},{"start_line":1269,"start_column":27,"end_line":1269,"end_column":71,"positive":false,