{"function_name":"ryu::d2s::d2d","tests":6,"tests_lines":[5,5,5,6,5,5],"oracles":6,"oracles_compiled":5,"oracles_compiled_rate":83.33333333333334,"tests_compiled":5,"tests_compiled_rate":83.33333333333334,"oracles_run":5,"oracles_passed":0,"oracles_passed_rate":0.0,"tests_run":5,"tests_passed":0,"tests_passed_rate":0.0,"lines":171,"lines_covered":85,"lines_coveraged_rate":49.707602339181285,"branches":46,"branches_covered":15,"branches_coverage_rate":32.608695652173914,"codes_lines":[91,92,93,94,95,96,97,99,100,101,102,104,105,106,107,108,110,119,120,121,122,123,124,127,128,129,130,131,132,133,134,135,136,137,138,139,140,141,142,143,144,145,146,147,148,149,153,154,155,156,157,158,159,160,161,162,163,164,165,168,169,170,171,172,173,174,175,176,177,178,179,180,181,182,183,184,185,186,187,188,189,190,191,194,195,196,197,198,199,200,201,202,203,204,205,206,207,208,209,213,214,216,219,220,221,222,223,224,225,226,227,228,229,230,231,232,233,235,237,238,239,240,241,242,243,244,245,246,247,248,249,250,252,253,254,255,256,258,262,263,264,265,266,267,268,269,270,271,272,273,274,280,281,282,283,284,285,286,287,288,289,290,291,294,296,297,298,299,300,301,302],"codes_lines_covered":[[["{","    let result = d2d(0, 0);","    assert_eq!(result.mantissa, 0);","    assert_eq!(result.exponent, 1 - DOUBLE_BIAS - DOUBLE_MANTISSA_BITS as i32 - 2);","}"],[91,92,93,94,95,96,97,104,105,106,107,108,110,119,120,121,122,123,124,168,169,170,171,172,173,174,175,176,177,178,179,180,181,182,183,184,185,186,187,188,189,190,191,202,209,213,214,216,262,263,264,265,266,274,280,281,282,283,294]],[["{","    let result = d2d(1, 1);","    assert_eq!(result.mantissa, 4);","    assert_eq!(result.exponent, -1022);","}"],[91,92,99,100,101,102,104,105,106,107,108,110,119,120,121,122,123,124,168,169,170,171,172,173,174,175,176,177,178,179,180,181,182,183,184,185,186,187,188,189,190,191,202,209,213,214,216,262,263,264,265,266,267,268,269,270,271,272,273,274,280,281,282,283,294,296,297,298,299,300,301,302]],[["{","    let result = d2d(2, 3);","    assert_eq!(result.mantissa, 9);","    assert_eq!(result.exponent, -1021);","}"],[91,92,99,100,101,102,104,105,106,107,108,110,119,120,121,122,123,124,168,169,170,171,172,173,174,175,176,177,178,179,180,181,182,183,184,185,186,187,188,189,190,191,202,209,213,214,216,262,263,264,265,266,267,268,269,270,271,272,273,274,280,281,282,283,284,285,286,287,288,289,290,291,294,296,297,298,299,300,301,302]],[["{","    let result = d2d(0xFFFFFFFFFFFFFFFF, 1111);","    assert!(result.mantissa > 0);","    assert_eq!(result.exponent, -1023); // As per the exponent handling","}"],[91,92,99,100,101,102,104,105,106,107,108,110,119,120,121,122,123,124,168,169,170,171,172,173,174,175,176,177,178,179,180,181,182,183,184,185,186,187,188,189,190,191,202,209,213,214,216,262,263,264,265,266,274,280,281,282,283,294]],[["{","    let result = d2d(0x1, 0);","    assert_eq!(result.mantissa, 4);","    assert_eq!(result.exponent, 1 - DOUBLE_BIAS - DOUBLE_MANTISSA_BITS as i32 - 2);","}"],[91,92,93,94,95,96,97,104,105,106,107,108,110,119,120,121,122,123,124,168,169,170,171,172,173,174,175,176,177,178,179,180,181,182,183,184,185,186,187,188,189,190,191,202,209,213,214,216,262,263,264,265,266,274,280,281,282,283,284,285,286,287,288,289,290,291,294,296,297,298,299,300,301,302]]],"codes_branches":[{"start_line":92,"start_column":23,"end_line":92,"end_column":41,"positive":true,"negative":true},{"start_line":110,"start_column":21,"end_line":110,"end_column":39,"positive":true,"negative":true},{"start_line":124,"start_column":8,"end_line":124,"end_column":15,"positive":false,"negative":true},{"start_line":149,"start_column":12,"end_line":149,"end_column":19,"positive":false,"negative":false},{"start_line":154,"start_column":16,"end_line":154,"end_column":28,"positive":false,"negative":false},{"start_line":156,"start_column":23,"end_line":156,"end_column":36,"positive":false,"negative":false},{"start_line":191,"start_column":12,"end_line":191,"end_column":18,"positive":false,"negative":true},{"start_line":195,"start_column":16,"end_line":195,"end_column":29,"positive":false,"negative":false},{"start_line":202,"start_column":19,"end_line":202,"end_column":25,"positive":false,"negative":true},{"start_line":216,"start_column":21,"end_line":216,"end_column":41,"positive":false,"negative":true},{"start_line":216,"start_column":45,"end_line":216,"end_column":65,"positive":false,"negative":true},{"start_line":221,"start_column":16,"end_line":221,"end_column":36,"positive":false,"negative":false},{"start_line":235,"start_column":12,"end_line":235,"end_column":32,"positive":false,"negative":false},{"start_line":239,"start_column":20,"end_line":239,"end_column":33,"positive":false,"negative":false},{"start_line":253,"start_column":12,"end_line":253,"end_column":32,"positive":false,"negative":false},{"start_line":253,"start_column":36,"end_line":253,"end_column":59,"positive":false,"negative":false},{"start_line":253,"start_column":63,"end_line":253,"end_column":74,"positive":false,"negative":false},{"start_line":258,"start_column":16,"end_line":258,"end_column":24,"positive":false,"negative":false},{"start_line":258,"start_column":29,"end_line":258,"end_column":43,"positive":false,"negative":false},{"start_line":258,"start_column":47,"end_line":258,"end_column":68,"positive":false,"negative":false},{"start_line":266,"start_column":12,"end_line":266,"end_column":33,"positive":true,"negative":true},{"start_line":282,"start_column":16,"end_line":282,"end_column":36,"positive":true,"negative":true},{"start_line":294,"start_column":15,"end_line":294,"end_column":23,"positive":true,"negative":true}],"codes_branches_covered":[[["{","    let result = d2d(0, 0);","    assert_eq!(result.mantissa, 0);","    assert_eq!(result.exponent, 1 - DOUBLE_BIAS - DOUBLE_MANTISSA_BITS as i32 - 2);","}"],[{"start_line":92,"start_column":23,"end_line":92,"end_column":41,"positive":true,"negative":false},{"start_line":110,"start_column":21,"end_line":110,"end_column":39,"positive":false,"negative":true},{"start_line":124,"start_column":8,"end_line":124,"end_column":15,"positive":false,"negative":true},{"start_line":149,"start_column":12,"end_line":149,"end_column":19,"positive":false,"negative":false},{"start_line":154,"start_column":16,"end_line":154,"end_column":28,"positive":false,"negative":false},{"start_line":156,"start_column":23,"end_line":156,"end_column":36,"positive":false,"negative":false},{"start_line":191,"start_column":12,"end_line":191,"end_column":18,"positive":false,"negative":true},{"start_line":195,"start_column":16,"end_line":195,"end_column":29,"positive":false,"negative":false},{"start_line":202,"start_column":19,"end_line":202,"end_column":25,"positive":false,"negative":true},{"start_line":216,"start_column":21,"end_line":216,"end_column":41,"positive":false,"negative":true},{"start_line":216,"start_column":45,"end_line":216,"end_column":65,"positive":false,"negative":true},{"start_line":221,"start_column":16,"end_line":221,"end_column":36,"positive":false,"negative":false},{"start_line":235,"start_column":12,"end_line":235,"end_column":32,"positive":false,"negative":false},{"start_line":239,"start_column":20,"end_line":239,"end_column":33,"positive":false,"negative":false},{"start_line":253,"start_column":12,"end_line":253,"end_column":32,"positive":false,"negative":false},{"start_line":253,"start_column":36,"end_line":253,"end_column":59,"positive":false,"negative":false},{"start_line":253,"start_column":63,"end_line":253,"end_column":74,"positive":false,"negative":false},{"start_line":258,"start_column":16,"end_line":258,"end_column":24,"positive":false,"negative":false},{"start_line":258,"start_column":29,"end_line":258,"end_column":43,"positive":false,"negative":false},{"start_line":258,"start_column":47,"end_line":258,"end_column":68,"positive":false,"negative":false},{"start_line":266,"start_column":12,"end_line":266,"end_column":33,"positive":false,"negative":true},{"start_line":282,