{"function_name":"ryu::pretty::format32","tests":7,"tests_lines":[10,10,10,10,10,10,10],"oracles":7,"oracles_compiled":7,"oracles_compiled_rate":100.0,"tests_compiled":7,"tests_compiled_rate":100.0,"oracles_run":7,"oracles_passed":5,"oracles_passed_rate":71.42857142857143,"tests_run":7,"tests_passed":5,"tests_passed_rate":71.42857142857143,"lines":57,"lines_covered":49,"lines_coveraged_rate":85.96491228070175,"branches":20,"branches_covered":17,"branches_coverage_rate":85.0,"codes_lines":[159,160,161,162,163,164,165,166,167,168,169,171,172,173,174,175,176,177,178,179,180,181,183,185,186,187,188,189,190,191,192,194,195,196,197,198,200,201,202,203,204,205,206,207,208,210,211,212,215,216,217,218,219,220,221,222,224],"codes_lines_covered":[[["{","    let f: f32 = 1.234;","    let mut buffer = [0u8; 16];","    ","    unsafe {","        let len = format32(f, buffer.as_mut_ptr());","        let result = std::str::from_utf8_unchecked(&buffer[..len]);","        assert_eq!(result, \"1.234\");","    }","}"],[159,160,161,162,163,164,165,166,169,171,174,175,176,177,178,179,180,181,183,192,194,195,196,197,224]],[["{","    let f: f32 = -1.234;","    let mut buffer = [0u8; 16];","","    unsafe {","        let len = format32(f, buffer.as_mut_ptr());","        let result = std::str::from_utf8_unchecked(&buffer[..len]);","        assert_eq!(result, \"-1.234\");","    }","}"],[159,160,161,162,163,164,165,166,167,168,169,171,174,175,176,177,178,179,180,181,183,192,194,195,196,197,224]],[["{","    let f: f32 = 0.0;","    let mut buffer = [0u8; 16];","","    unsafe {","        let len = format32(f, buffer.as_mut_ptr());","        let result = std::str::from_utf8_unchecked(&buffer[..len]);","        assert_eq!(result, \"0.0\");","    }","}"],[159,160,161,162,163,164,165,166,169,171,172,173,224]],[["{","    let f: f32 = 0.001234;","    let mut buffer = [0u8; 16];","","    unsafe {","        let len = format32(f, buffer.as_mut_ptr());","        let result = std::str::from_utf8_unchecked(&buffer[..len]);","        assert_eq!(result, \"0.001234\");","    }","}"],[159,160,161,162,163,164,165,166,169,171,174,175,176,177,178,179,180,181,183,192,198,200,201,202,203,204,205,206,207,224]],[["{","    let f: f32 = 123456789.0;","    let mut buffer = [0u8; 16];","","    unsafe {","        let len = format32(f, buffer.as_mut_ptr());","        let result = std::str::from_utf8_unchecked(&buffer[..len]);","        assert_eq!(result, \"123456789.0\");","    }","}"],[159,160,161,162,163,164,165,166,169,171,174,175,176,177,178,179,180,181,183,185,186,187,188,189,190,191,224]],[["{","    let f: f32 = 12340000000.0;","    let mut buffer = [0u8; 16];","","    unsafe {","        let len = format32(f, buffer.as_mut_ptr());","        let result = std::str::from_utf8_unchecked(&buffer[..len]);","        assert_eq!(result, \"12340000000.0\");","    }","}"],[159,160,161,162,163,164,165,166,169,171,174,175,176,177,178,179,180,181,183,185,186,187,188,189,190,191,224]],[["{","    let f: f32 = 1e30; // Should check for large exponent case","    let mut buffer = [0u8; 16];","","    unsafe {","        let len = format32(f, buffer.as_mut_ptr());","        let result = std::str::from_utf8_unchecked(&buffer[..len]);","        assert!(result.starts_with(\"1.0e\"));","    }","}"],[159,160,161,162,163,164,165,166,169,171,174,175,176,177,178,179,180,181,183,192,198,208,210,211,212,224]]],"codes_branches":[{"start_line":166,"start_column":8,"end_line":166,"end_column":12,"positive":true,"negative":true},{"start_line":171,"start_column":8,"end_line":171,"end_column":26,"positive":true,"negative":true},{"start_line":171,"start_column":30,"end_line":171,"end_column":48,"positive":true,"negative":false},{"start_line":183,"start_column":8,"end_line":183,"end_column":14,"positive":true,"negative":true},{"start_line":183,"start_column":18,"end_line":183,"end_column":26,"positive":true,"negative":true},{"start_line":192,"start_column":15,"end_line":192,"end_column":21,"positive":true,"negative":true},{"start_line":192,"start_column":25,"end_line":192,"end_column":33,"positive":true,"negative":true},{"start_line":198,"start_column":15,"end_line":198,"end_column":22,"positive":true,"negative":false},{"start_line":198,"start_column":26,"end_line":198,"end_column":33,"positive":true,"negative":true},{"start_line":208,"start_column":15,"end_line":208,"end_column":26,"positive":true,"negative":false}],"codes_branches_covered":[[["{","    let f: f32 = 1.234;","    let mut buffer = [0u8; 16];","    ","    unsafe {","        let len = format32(f, buffer.as_mut_ptr());","        let result = std::str::from_utf8_unchecked(&buffer[..len]);","        assert_eq!(result, \"1.234\");","    }","}"],[{"start_line":166,"start_column":8,"end_line":166,"end_column":12,"positive":false,"negative":true},{"start_line":171,"start_column":8,"end_line":171,"end_column":26,"positive":false,"negative":true},{"start_line":171,"start_column":30,"end_line":171,"end_column":48,"positive":false,"negative":false},{"start_line":183,"start_column":8,"end_line":183,"end_column":14,"positive":false,"negative":true},{"start_line":183,"start_column":18,"end_line":183,"end_column":26,"positive":false,"negative":false},{"start_line":192,"start_column":15,"end_line":192,"end_column":21,"positive":true,"negative":false},{"start_line":192,"start_column":25,"end_line":192,"end_column":33,"positive":true,"negative":false},{"start_line":198,"start_column":15,"end_line":198,"end_column":22,"positive":false,"negative":false},{"start_line":198,"start_column":26,"end_line":198,"end_column":33,"positive":false,"negative":false},{"start_line":208,"start_column":15,"end_line":208,"end_column":26,"positive":false,"negative":false}]],[["{","    let f: f32 = -1.234;","    let mut buffer = [0u8; 16];","","    unsafe {","        let len = format32(f, buffer.as_mut_ptr());","        let result = std::str::from_utf8_unchecked(&buffer[..len]);","        assert_eq!(result, \"-1.234\");","    }","}"],[{"start_line":166,"start_column":8,"end_line":166,"end_column":12,"positive":true,"negative":false},{"start_line":171,"start_column":8,"end_line":171,"end_column":26,"positive":false,"negative":true},{"start_line":171,"start_column":30,"end_line":171,"end_column":48,"positive":false,"negative":false},{"start_line":183,"start_column":8,"end_line":183,"end_column":14,"positive":false,"negative":true},{"start_line":183,"start_column":18,"end_line":183,"end_column":26,"positive":false,"negative":false},{"start_line":192,"start_column":15,"end_line":192,"end_column":21,"positive":true,"negative":false},{"start_line":192,"start_column":25,"end_line":192,"end_column":33,"positive":true,"negative":false},{"start_line":198,"start_column":15,"end_line":198,"end_column":22,"positive":false,"negative":false},{"start_line":198,"start_column":26,"end_line":198,"end_column":33,"positive":false,"negative":false},{"start_line":208,"start_column":15,"end_line":208,"end_column":26,"positive":false,"negative":false}]],[["{","    let f: f32 = 0.0;","    let mut buffer = [0u8; 16];","","    unsafe {","        let len = format32(f, buffer.as_mut_ptr());","        let result = std::str::from_utf8_unchecked(&buffer[..len]);","        assert_eq!(result, \"0.0\");","    }","}"],[{"start_line":166,"start_column":8,"end_line":166,"end_column":12,"positive":false,"negative":true},{"start_line":171,"start_column":8,"end_line":171,"end_column":26,"positive":true,"negative":false},{"start_line":171,"start_column":30,"end_line":171,"end_column":48,"positive":true,"negative":false},{"start_line":183,"start_column":8,"end_line":183,"end_column":14,"positive":false,"negative":false},{"start_line":183,"start_column":18,"end_line":183,"end_column":26,"positive":false,"negative":false},{"start_line":192,"start_column":15,"end_line":192,"end_column":21,"positive":false,"negative":false},{"start_line":192,"start_column":25,"end_line":192,"end_column":33,"positive":false,"negative":false},{"start_line":198,"start_column":15,