{"function_name":"rand_core::le::read_u64_into","tests":11,"tests_lines":[17,6,6,6,12,17,6,6,5,5,5],"oracles":11,"oracles_compiled":11,"oracles_compiled_rate":100.0,"tests_compiled":11,"tests_compiled_rate":100.0,"oracles_run":11,"oracles_passed":6,"oracles_passed_rate":54.54545454545454,"tests_run":11,"tests_passed":6,"tests_passed_rate":54.54545454545454,"lines":6,"lines_covered":6,"lines_coveraged_rate":100.0,"branches":1,"branches_covered":1,"branches_coverage_rate":100.0,"codes_lines":[38,39,40,41,42,43],"codes_lines_covered":[[["{","    let src: Vec<u8> = (0..64).map(|x| x as u8).collect(); // 64 bytes for 8 u64","    let mut dst: [u64; 8] = [0; 8];","","    read_u64_into(&src, &mut dst);","","    assert_eq!(dst, [","        0x0403020106070500,","        0x0C0B0A0908070605,","        0x1413121110090807,","        0x1C1B1A1918171615,","        0x2423222120191817,","        0x2C2B2A2928272625,","        0x3433323130373635,","        0x3C3B3A3938373635,","    ]);","}"],[38,39,40,41,42,43]],[["{","    let src: Vec<u8> = (0..16).map(|x| x as u8).collect(); // 16 bytes for 2 u64","    let mut dst: [u64; 4] = [0; 4];","","    read_u64_into(&src, &mut dst);","}"],[38,39]],[["{","    let src: Vec<u8> = (0..64).map(|x| x as u8).collect(); // 64 bytes for 8 u64","    let mut dst: [u64; 9] = [0; 9]; // 9 elements, should panic","","    read_u64_into(&src, &mut dst);","}"],[38,39]],[["{","    let src: Vec<u8> = (0..8).map(|x| x as u8).collect(); // 8 bytes for 1 u64","    let mut dst: [u64; 0] = []; // empty dst","","    read_u64_into(&src, &mut dst);","}"],[38,39,40,43]],[["{","    let src: Vec<u8> = (0..24).map(|x| x as u8).collect(); // 24 bytes for 3 u64","    let mut dst: [u64; 3] = [0; 3];","","    read_u64_into(&src, &mut dst);","","    assert_eq!(dst, [","        0x0403020106070500,","        0x0C0B0A0908070605,","        0x1413121110090807,","    ]);","}"],[38,39,40,41,42,43]],[["{","    let src: Vec<u8> = (0..64).map(|i| i as u8).collect(); // 64 bytes, enough for 8 u64 values","    let mut dst = [0u64; 8]; // Will store 8 u64 values","","    read_u64_into(&src, &mut dst);","    ","    assert_eq!(dst, [","        0x0000000001020304,","        0x0000000506070809,","        0x0000000a0b0c0d0e,","        0x0000000f10111213,","        0x0000001415161718,","        0x0000001a1b1c1d1e,","        0x0000001f20212223,","        0x0000002425262728","    ]);","}"],[38,39,40,41,42,43]],[["{","    let src: Vec<u8> = (0..40).map(|i| i as u8).collect(); // 40 bytes, not enough for 8 u64 values","    let mut dst = [0u64; 8]; // Will store 8 u64 values","","    read_u64_into(&src, &mut dst);","}"],[38,39]],[["{","    let src: Vec<u8> = (0..8).map(|i| i as u8).collect(); // 8 bytes, enough for 1 u64 value","    let mut dst: [u64; 0] = []; // Empty dst","","    read_u64_into(&src, &mut dst);","}"],[38,39,40,43]],[["{","    let src: &[u8] = &[1, 2, 3, 4, 5, 6, 7]; // Length is 7","    let mut dst: [u64; 1] = [0]; // We need at least 8 bytes for one u64","    read_u64_into(src, &mut dst);","}"],[38,39]],[["{","    let src: &[u8] = &[0; 15]; // Length is 15","    let mut dst: [u64; 2] = [0, 0]; // We need at least 16 bytes for two u64s","    read_u64_into(src, &mut dst);","}"],[38,39]],[["{","    let src: &[u8] = &[]; // Empty source","    let mut dst: [u64; 1] = [0]; // Need at least 8 bytes for one u64","    read_u64_into(src, &mut dst);","}"],[38,39]]],"codes_branches":[],"codes_branches_covered":[[["{","    let src: Vec<u8> = (0..64).map(|x| x as u8).collect(); // 64 bytes for 8 u64","    let mut dst: [u64; 8] = [0; 8];","","    read_u64_into(&src, &mut dst);","","    assert_eq!(dst, [","        0x0403020106070500,","        0x0C0B0A0908070605,","        0x1413121110090807,","        0x1C1B1A1918171615,","        0x2423222120191817,","        0x2C2B2A2928272625,","        0x3433323130373635,","        0x3C3B3A3938373635,","    ]);","}"],[]],[["{","    let src: Vec<u8> = (0..16).map(|x| x as u8).collect(); // 16 bytes for 2 u64","    let mut dst: [u64; 4] = [0; 4];","","    read_u64_into(&src, &mut dst);","}"],[]],[["{","    let src: Vec<u8> = (0..64).map(|x| x as u8).collect(); // 64 bytes for 8 u64","    let mut dst: [u64; 9] = [0; 9]; // 9 elements, should panic","","    read_u64_into(&src, &mut dst);","}"],[]],[["{","    let src: Vec<u8> = (0..8).map(|x| x as u8).collect(); // 8 bytes for 1 u64","    let mut dst: [u64; 0] = []; // empty dst","","    read_u64_into(&src, &mut dst);","}"],[]],[["{","    let src: Vec<u8> = (0..24).map(|x| x as u8).collect(); // 24 bytes for 3 u64","    let mut dst: [u64; 3] = [0; 3];","","    read_u64_into(&src, &mut dst);","","    assert_eq!(dst, [","        0x0403020106070500,","        0x0C0B0A0908070605,","        0x1413121110090807,","    ]);","}"],[]],[["{","    let src: Vec<u8> = (0..64).map(|i| i as u8).collect(); // 64 bytes, enough for 8 u64 values","    let mut dst = [0u64; 8]; // Will store 8 u64 values","","    read_u64_into(&src, &mut dst);","    ","    assert_eq!(dst, [","        0x0000000001020304,","        0x0000000506070809,","        0x0000000a0b0c0d0e,","        0x0000000f10111213,","        0x0000001415161718,","        0x0000001a1b1c1d1e,","        0x0000001f20212223,","        0x0000002425262728","    ]);","}"],[]],[["{","    let src: Vec<u8> = (0..40).map(|i| i as u8).collect(); // 40 bytes, not enough for 8 u64 values","    let mut dst = [0u64; 8]; // Will store 8 u64 values","","    read_u64_into(&src, &mut dst);","}"],[]],[["{","    let src: Vec<u8> = (0..8).map(|i| i as u8).collect(); // 8 bytes, enough for 1 u64 value","    let mut dst: [u64; 0] = []; // Empty dst","","    read_u64_into(&src, &mut dst);","}"],[]],[["{","    let src: &[u8] = &[1, 2, 3, 4, 5, 6, 7]; // Length is 7","    let mut dst: [u64; 1] = [0]; // We need at least 8 bytes for one u64","    read_u64_into(src, &mut dst);","}"],[]],[["{","    let src: &[u8] = &[0; 15]; // Length is 15","    let mut dst: [u64; 2] = [0, 0]; // We need at least 16 bytes for two u64s","    read_u64_into(src, &mut dst);","}"],[]],[["{","    let src: &[u8] = &[]; // Empty source","    let mut dst: [u64; 1] = [0]; // Need at least 8 bytes for one u64","    read_u64_into(src, &mut dst);","}"],[]]]}