{
    "function_name": "serde_json::read::push_wtf8_codepoint",
    "tests": 7,
    "tests_lines": [
        5,
        5,
        5,
        5,
        4,
        6,
        7
    ],
    "oracles": 7,
    "oracles_compiled": 7,
    "oracles_compiled_rate": 100.0,
    "tests_compiled": 7,
    "tests_compiled_rate": 100.0,
    "oracles_run": 7,
    "oracles_passed": 4,
    "oracles_passed_rate": 57.14285714285714,
    "tests_run": 7,
    "tests_passed": 4,
    "tests_passed_rate": 57.14285714285714,
    "lines": 38,
    "lines_covered": 36,
    "lines_coveraged_rate": 94.73684210526315,
    "branches": 2,
    "branches_covered": 2,
    "branches_coverage_rate": 100.0,
    "codes_lines": [
        978,
        979,
        980,
        981,
        982,
        983,
        984,
        985,
        986,
        987,
        988,
        989,
        990,
        991,
        992,
        994,
        995,
        996,
        997,
        998,
        1000,
        1001,
        1002,
        1003,
        1004,
        1006,
        1007,
        1008,
        1009,
        1010,
        1011,
        1012,
        1014,
        1016,
        1017,
        1018,
        1019,
        1021
    ],
    "codes_lines_covered": [
        [
            [
                "{",
                "    let mut scratch = Vec::new();",
                "    push_wtf8_codepoint(0x41, &mut scratch); // ASCII 'A'",
                "    assert_eq!(scratch, vec![0x41]);",
                "}"
            ],
            [
                978,
                979,
                980,
                981,
                1021
            ]
        ],
        [
            [
                "{",
                "    let mut scratch = Vec::new();",
                "    push_wtf8_codepoint(0xC2A9, &mut scratch); // \u00a9",
                "    assert_eq!(scratch, vec![0xC2, 0xA9]);",
                "}"
            ],
            [
                978,
                979,
                982,
                983,
                984,
                985,
                986,
                987,
                988,
                989,
                990,
                991,
                992,
                994,
                995,
                996,
                1000,
                1001,
                1002,
                1003,
                1004,
                1016,
                1017,
                1018,
                1019,
                1021
            ]
        ],
        [
            [
                "{",
                "    let mut scratch = Vec::new();",
                "    push_wtf8_codepoint(0xE2A9, &mut scratch); // \ud800\udf49",
                "    assert_eq!(scratch, vec![0xE2, 0xA9, 0xB9]);",
                "}"
            ],
            [
                978,
                979,
                982,
                983,
                984,
                985,
                986,
                987,
                988,
                989,
                990,
                991,
                992,
                994,
                995,
                996,
                1000,
                1001,
                1002,
                1003,
                1004,
                1016,
                1017,
                1018,
                1019,
                1021
            ]
        ],
        [
            [
                "{",
                "    let mut scratch = Vec::new();",
                "    push_wtf8_codepoint(0x10FFFF, &mut scratch); // valid maximum Unicode code point",
                "    assert_eq!(scratch, vec![0xF4, 0x8F, 0xBF, 0xBF]);",
                "}"
            ],
            [
                978,
                979,
                982,
                983,
                984,
                985,
                986,
                987,
                988,
                989,
                990,
                991,
                992,
                994,
                995,
                996,
                1000,
                1006,
                1007,
                1008,
                1009,
                1010,
                1011,
                1012,
                1016,
                1017,
                1018,
                1019,
                1021
            ]
        ],
        [
            [
                "{",
                "    let mut scratch = Vec::new();",
                "    push_wtf8_codepoint(0x11_0000, &mut scratch); // This should panic as it's out of valid range.",
                "}"
            ],
            [
                978,
                979,
                982,
                983,
                984,
                985,
                986,
                987,
                988,
                989,
                990,
                991,
                992,
                994,
                995,
                996,
                1000,
                1006,
                1014
            ]
        ],
        [
            [
                "{",
                "    let mut scratch = Vec::new();",
                "    assert!(scratch.is_empty());",
                "    push_wtf8_codepoint(0x41, &mut scratch); // ASCII 'A'",
                "    assert_eq!(scratch.len(), 1);",
                "}"
            ],
            [
                978,
                979,
                980,
                981,
                1021
            ]
        ],
        [
            [
                "{",
                "    let mut scratch = Vec::new();",
                "    push_wtf8_codepoint(0x41, &mut scratch); // 'A'",
                "    push_wtf8_codepoint(0xC2A9, &mut scratch); // \u00a9",
                "    push_wtf8_codepoint(0x10FFFF, &mut scratch); // valid maximum Unicode code point",
                "    assert_eq!(scratch, vec![0x41, 0xC2, 0xA9, 0xF4, 0x8F, 0xBF, 0xBF]);",
                "}"
            ],
            [
                978,
                979,
                980,
                981,
                982,
                983,
                984,
                985,
                986,
                987,
                988,
                989,
                990,
                991,
                992,
                994,
                995,
                996,
                1000,
                1001,
                1002,
                1003,
                1004,
                1006,
                1007,
                1008,
                1009,
                1010,
                1011,
                1012,
                1016,
                1017,
                1018,
                1019,
                1021
            ]
        ]
    ],
    "codes_branches": [
        {
            "start_line": 979,
            "start_column": 8,
            "end_line": 979,
            "end_column": 16,
            "positive": true,
            "negative": true
        }
    ],
    "codes_branches_covered": [
        [
            [
                "{",
                "    let mut scratch = Vec::new();",
                "    push_wtf8_codepoint(0x41, &mut scratch); // ASCII 'A'",
                "    assert_eq!(scratch, vec![0x41]);",
                "}"
            ],
            [
                {
                    "start_line": 979,
                    "start_column": 8,
                    "end_line": 979,
                    "end_column": 16,
                    "positive": true,
                    "negative": false
                }
            ]
        ],
        [
            [
                "{",
                "    let mut scratch = Vec::new();",
                "    push_wtf8_codepoint(0xC2A9, &mut scratch); // \u00a9",
                "    assert_eq!(scratch, vec![0xC2, 0xA9]);",
                "}"
            ],
            [
                {
                    "start_line": 979,