{
    "function_name": "serde_json::error::<error::ErrorCode as std::fmt::Display>::fmt",
    "tests": 182,
    "tests_lines": [
        17,
        17,
        17,
        7,
        8,
        6,
        6,
        6,
        6,
        6,
        6,
        6,
        22,
        22,
        22,
        7,
        9,
        7,
        7,
        7,
        7,
        7,
        7,
        7,
        7,
        7,
        7,
        7,
        7,
        7,
        7,
        7,
        7,
        7,
        7,
        7,
        7,
        7,
        7,
        7,
        9,
        18,
        8,
        8,
        8,
        8,
        8,
        8,
        7,
        7,
        6,
        6,
        6,
        21,
        21,
        8,
        7,
        7,
        7,
        7,
        7,
        8,
        8,
        7,
        7,
        7,
        8,
        7,
        7,
        7,
        7,
        7,
        9,
        9,
        8,
        8,
        8,
        8,
        8,
        8,
        6,
        10,
        6,
        6,
        6,
        6,
        6,
        6,
        6,
        6,
        6,
        6,
        6,
        6,
        6,
        6,
        6,
        6,
        6,
        6,
        6,
        6,
        6,
        6,
        6,
        28,
        28,
        28,
        28,
        16,
        16,
        16,
        24,
        9,
        8,
        8,
        8,
        8,
        8,
        8,
        8,
        8,
        8,
        9,
        9,
        9,
        9,
        9,
        9,
        7,
        7,
        7,
        7,
        7,
        7,
        7,
        7,
        7,
        7,
        7,
        7,
        7,
        7,
        7,
        7,
        7,
        7,
        7,
        7,
        7,
        7,
        9,
        9,
        9,
        9,
        10,
        10,
        10,
        10,
        10,
        10,
        10,
        10,
        7,
        7,
        7,
        7,
        7,
        7,
        7,
        7,
        7,
        8,
        11,
        8,
        8,
        8,
        8,
        9,
        8,
        8,
        10
    ],
    "oracles": 182,
    "oracles_compiled": 10,
    "oracles_compiled_rate": 5.4945054945054945,
    "tests_compiled": 10,
    "tests_compiled_rate": 5.4945054945054945,
    "oracles_run": 10,
    "oracles_passed": 10,
    "oracles_passed_rate": 100.0,
    "tests_run": 10,
    "tests_passed": 10,
    "tests_passed_rate": 100.0,
    "lines": 28,
    "lines_covered": 11,
    "lines_coveraged_rate": 39.285714285714285,
    "branches": 1,
    "branches_covered": 1,
    "branches_coverage_rate": 100.0,
    "codes_lines": [
        350,
        351,
        352,
        353,
        354,
        355,
        356,
        357,
        358,
        359,
        360,
        361,
        362,
        363,
        364,
        365,
        366,
        367,
        369,
        371,
        373,
        376,
        379,
        381,
        382,
        383,
        384,
        386
    ],
    "codes_lines_covered": [
        [
            [
                "{",
                "    use core::fmt::Write;",
                "    ",
                "    let error = ErrorCode::EofWhileParsingList;",
                "    let mut output = String::new();",
                "    let result = write!(&mut output, \"{}\", error);",
                "    assert!(result.is_ok());",
                "    assert_eq!(output, \"EOF while parsing a list\");",
                "}"
            ],
            [
                350,
                351,
                354,
                386
            ]
        ],
        [
            [
                "{",
                "    use core::fmt::Write;",
                "    ",
                "    let error = ErrorCode::EofWhileParsingObject;",
                "    let mut output = String::new();",
                "    let result = write!(&mut output, \"{}\", error);",
                "    assert!(result.is_ok());",
                "    assert_eq!(output, \"EOF while parsing an object\");",
                "}"
            ],
            [
                350,
                351,
                355,
                386
            ]
        ],
        [
            [
                "{",
                "    use core::fmt::Write;",
                "    ",
                "    let error = ErrorCode::EofWhileParsingString;",
                "    let mut output = String::new();",
                "    let result = write!(&mut output, \"{}\", error);",
                "    assert!(result.is_ok());",
                "    assert_eq!(output, \"EOF while parsing a string\");",
                "}"
            ],
            [
                350,
                351,
                356,
                386
            ]
        ],
        [
            [
                "{",
                "    use core::fmt::Write;",
                "    ",
                "    let error = ErrorCode::ExpectedColon;",
                "    let mut output = String::new();",
                "    let result = write!(&mut output, \"{}\", error);",
                "    assert!(result.is_ok());",
                "    assert_eq!(output, \"expected `:`\");",
                "}"
            ],
            [
                350,
                351,
                358,
                386
            ]
        ],
        [
            [
                "{",
                "    use core::fmt::Write;",
                "    ",
                "    let error = ErrorCode::ExpectedListCommaOrEnd;",
                "    let mut output = String::new();",
                "    let result = write!(&mut output, \"{}\", error);",
                "    assert!(result.is_ok());",
                "    assert_eq!(output, \"expected `,` or `]`\");",
                "}"
            ],
            [
                350,
                351,
                359,
                386
            ]
        ],
        [
            [
                "{",
                "    use core::fmt::Write;",
                "    ",
                "    let error = ErrorCode::ExpectedObjectCommaOrEnd;",
                "    let mut output = String::new();",
                "    let result = write!(&mut output, \"{}\", error);",
                "    assert!(result.is_ok());",
                "    assert_eq!(output, \"expected `,` or `}`\");",
                "}"
            ],
            [
                350,
                351,
                360,
                386
            ]
        ],
        [
            [
                "{",
                "    let error_code = ErrorCode::EofWhileParsingValue;",
                "    let mut output = String::new();",
                "    ",
                "    let result = std::fmt::write(&mut output, format_args!(\"{}\", error_code));",
                "    ",
                "    assert!(result.is_ok());",
                "    assert_eq!(output, \"EOF while parsing a value\");",
                "}"
            ],
            [
                350,
                351,
                357,
                386
            ]
        ],
        [
            [
                "{",
                "    let error_code = ErrorCode::EofWhileParsingObject;",
                "    let mut output = String::new();",
                "    ",
                "    let result = std::fmt::write(&mut output, format_args!(\"{}\", error_code));",
                "    ",
                "    assert!(result.is_ok());",
                "    assert_eq!(output, \"EOF while parsing an object\");",
                "}"
            ],
            [
                350,
                351,
                355,
                386
            ]
        ],
        [
            [
                "{",
                "    let error_code = ErrorCode::ExpectedColon;",
                "    let mut output = String::new();",
                "    ",
