{
    "function_name": "bytes::bytes::bytes::Bytes::slice",
    "tests": 21,
    "tests_lines": [
        8,
        8,
        8,
        8,
        8,
        8,
        8,
        6,
        6,
        8,
        8,
        8,
        6,
        6,
        5,
        5,
        4,
        4,
        4,
        5,
        5
    ],
    "oracles": 21,
    "oracles_compiled": 7,
    "oracles_compiled_rate": 33.33333333333333,
    "tests_compiled": 7,
    "tests_compiled_rate": 33.33333333333333,
    "oracles_run": 7,
    "oracles_passed": 7,
    "oracles_passed_rate": 100.0,
    "tests_run": 7,
    "tests_passed": 7,
    "tests_passed_rate": 100.0,
    "lines": 27,
    "lines_covered": 26,
    "lines_coveraged_rate": 96.29629629629629,
    "branches": 2,
    "branches_covered": 2,
    "branches_coverage_rate": 100.0,
    "codes_lines": [
        373,
        376,
        378,
        379,
        380,
        381,
        384,
        385,
        386,
        387,
        390,
        391,
        392,
        396,
        397,
        398,
        403,
        404,
        405,
        406,
        407,
        408,
        409,
        410,
        411,
        412,
        413
    ],
    "codes_lines_covered": [
        [
            [
                "{",
                "    let a = Bytes::from(&b\"hello world\"[..]);",
                "    let b = a.slice(2..5);",
                "    assert_eq!(&b[..], b\"llo\");",
                "}"
            ],
            [
                373,
                376,
                378,
                379,
                384,
                386,
                390,
                391,
                396,
                397,
                403,
                405,
                406,
                407,
                408,
                409,
                410,
                411,
                412,
                413
            ]
        ],
        [
            [
                "{",
                "    let a = Bytes::from(&b\"hello world\"[..]);",
                "    let b = a.slice(5..5);",
                "    assert!(b.is_empty());",
                "}"
            ],
            [
                373,
                376,
                378,
                379,
                384,
                386,
                390,
                391,
                396,
                397,
                403,
                404,
                413
            ]
        ],
        [
            [
                "{",
                "    let a = Bytes::from(&b\"hello world\"[..]);",
                "    let _ = a.slice(5..2);",
                "}"
            ],
            [
                373,
                376,
                378,
                379,
                384,
                386,
                390,
                391,
                392
            ]
        ],
        [
            [
                "{",
                "    let a = Bytes::from(&b\"hello world\"[..]);",
                "    let _ = a.slice(0..12);",
                "}"
            ],
            [
                373,
                376,
                378,
                379,
                384,
                386,
                390,
                391,
                396,
                397,
                398
            ]
        ],
        [
            [
                "{",
                "    let a = Bytes::from(&b\"hello world\"[..]);",
                "    let _ = a.slice(usize::MAX..=usize::MAX);",
                "}"
            ],
            [
                373,
                376,
                378,
                379,
                384,
                385,
                390,
                391,
                392
            ]
        ],
        [
            [
                "{",
                "    let a = Bytes::from(&b\"hello world\"[..]);",
                "    let b = a.slice(..5);",
                "    assert_eq!(&b[..], b\"hello\");",
                "}"
            ],
            [
                373,
                376,
                378,
                381,
                384,
                386,
                390,
                391,
                396,
                397,
                403,
                405,
                406,
                407,
                408,
                409,
                410,
                411,
                412,
                413
            ]
        ],
        [
            [
                "{",
                "    let a = Bytes::from(&b\"hello world\"[..]);",
                "    let b = a.slice(6..);",
                "    assert_eq!(&b[..], b\"world\");",
                "}"
            ],
            [
                373,
                376,
                378,
                379,
                384,
                387,
                390,
                391,
                396,
                397,
                403,
                405,
                406,
                407,
                408,
                409,
                410,
                411,
                412,
                413
            ]
        ]
    ],
    "codes_branches": [
        {
            "start_line": 403,
            "start_column": 12,
            "end_line": 403,
            "end_column": 24,
            "positive": true,
            "negative": true
        }
    ],
    "codes_branches_covered": [
        [
            [
                "{",
                "    let a = Bytes::from(&b\"hello world\"[..]);",
                "    let b = a.slice(2..5);",
                "    assert_eq!(&b[..], b\"llo\");",
                "}"
            ],
            [
                {
                    "start_line": 403,
                    "start_column": 12,
                    "end_line": 403,
                    "end_column": 24,
                    "positive": false,
                    "negative": true
                }
            ]
        ],
        [
            [
                "{",
                "    let a = Bytes::from(&b\"hello world\"[..]);",
                "    let b = a.slice(5..5);",
                "    assert!(b.is_empty());",
                "}"
            ],
            [
                {
                    "start_line": 403,
                    "start_column": 12,
                    "end_line": 403,
                    "end_column": 24,
                    "positive": true,
                    "negative": false
                }
            ]
        ],
        [
            [
                "{",
                "    let a = Bytes::from(&b\"hello world\"[..]);",
                "    let _ = a.slice(5..2);",
                "}"
            ],
            [
                {
                    "start_line": 403,
                    "start_column": 12,
                    "end_line": 403,
                    "end_column": 24,
                    "positive": false,
                    "negative": false
                }
            ]
        ],
        [
            [
                "{",
                "    let a = Bytes::from(&b\"hello world\"[..]);",
                "    let _ = a.slice(0..12);",
                "}"
            ],
            [
                {
                    "start_line": 403,
                    "start_column": 12,
                    "end_line": 403,
                    "end_column": 24,
                    "positive": false,
                    "negative": false
                }
            ]
        ],
        [
            [
                "{",
                "    let a = Bytes::from(&b\"hello world\"[..]);",
                "    let _ = a.slice(usize::MAX..=usize::MAX);",
                "}"
            ],
            [
                {
                    "start_line": 403,
                    "start_column": 12,
                    "end_line": 403,
                    "end_column": 24,