{
    "function_name": "rand_pcg::pcg128::<pcg128::Lcg128Xsl64 as rand_core::SeedableRng>::from_seed",
    "tests": 3,
    "tests_lines": [
        11,
        11,
        10
    ],
    "oracles": 3,
    "oracles_compiled": 3,
    "oracles_compiled_rate": 100.0,
    "tests_compiled": 3,
    "tests_compiled_rate": 100.0,
    "oracles_run": 3,
    "oracles_passed": 1,
    "oracles_passed_rate": 33.33333333333333,
    "tests_run": 3,
    "tests_passed": 1,
    "tests_passed_rate": 33.33333333333333,
    "lines": 9,
    "lines_covered": 9,
    "lines_coveraged_rate": 100.0,
    "branches": 1,
    "branches_covered": 1,
    "branches_coverage_rate": 100.0,
    "codes_lines": [
        128,
        129,
        130,
        131,
        132,
        133,
        134,
        135,
        136
    ],
    "codes_lines_covered": [
        [
            [
                "{",
                "    let seed: [u8; 32] = [",
                "        0, 0, 0, 0, 0, 0, 0, 0,",
                "        1, 2, 3, 4, 5, 6, 7, 8,",
                "        9, 10, 11, 12, 13, 14, 15, 16,",
                "        17, 18, 19, 20, 21, 22, 23, 24,",
                "    ];",
                "    let rng = Lcg128Xsl64::from_seed(seed);",
                "    assert_eq!(rng.state, 0x0000000000000001 | (0x0000000000000002 << 64));",
                "    assert_eq!(rng.increment, (0x0000000000000003 << 1) | 1);",
                "}"
            ],
            [
                128,
                129,
                130,
                131,
                132,
                133,
                134,
                135,
                136
            ]
        ],
        [
            [
                "{",
                "    let seed: [u8; 32] = [",
                "        0, 0, 0, 0, 0, 0, 0, 0,",
                "        0xFF, 0xEE, 0xDD, 0xCC, 0xBB, 0xAA, 0x99, 0x88,",
                "        0x77, 0x66, 0x55, 0x44, 0x33, 0x22, 0x11, 0x00,",
                "        0x01, 0x02, 0x03, 0x04, 0x05, 0x06, 0x07, 0x08,",
                "    ];",
                "    let rng = Lcg128Xsl64::from_seed(seed);",
                "    assert_eq!(rng.state, 0xFFFFFFFFFFFFFFFF | (0xFFFFFFFFFFFFFFFE << 64));",
                "    assert_eq!(rng.increment, (0x0000000000000008 << 1) | 1);",
                "}"
            ],
            [
                128,
                129,
                130,
                131,
                132,
                133,
                134,
                135,
                136
            ]
        ],
        [
            [
                "{",
                "    let seed: [u8; 32] = [",
                "        0, 0, 0, 0, 0, 0, 0, 0,",
                "        0, 0, 0, 0, 0, 0, 0, 0,",
                "        0, 0, 0, 0, 0, 0, 0, 0,",
                "        0, 0, 0, 0, 0, 0, 0, 1,",
                "    ];",
                "    let rng = Lcg128Xsl64::from_seed(seed);",
                "    assert_eq!(rng.increment % 2, 1); // Ensure increment is odd",
                "}"
            ],
            [
                128,
                129,
                130,
                131,
                132,
                133,
                134,
                135,
                136
            ]
        ]
    ],
    "codes_branches": [],
    "codes_branches_covered": [
        [
            [
                "{",
                "    let seed: [u8; 32] = [",
                "        0, 0, 0, 0, 0, 0, 0, 0,",
                "        1, 2, 3, 4, 5, 6, 7, 8,",
                "        9, 10, 11, 12, 13, 14, 15, 16,",
                "        17, 18, 19, 20, 21, 22, 23, 24,",
                "    ];",
                "    let rng = Lcg128Xsl64::from_seed(seed);",
                "    assert_eq!(rng.state, 0x0000000000000001 | (0x0000000000000002 << 64));",
                "    assert_eq!(rng.increment, (0x0000000000000003 << 1) | 1);",
                "}"
            ],
            []
        ],
        [
            [
                "{",
                "    let seed: [u8; 32] = [",
                "        0, 0, 0, 0, 0, 0, 0, 0,",
                "        0xFF, 0xEE, 0xDD, 0xCC, 0xBB, 0xAA, 0x99, 0x88,",
                "        0x77, 0x66, 0x55, 0x44, 0x33, 0x22, 0x11, 0x00,",
                "        0x01, 0x02, 0x03, 0x04, 0x05, 0x06, 0x07, 0x08,",
                "    ];",
                "    let rng = Lcg128Xsl64::from_seed(seed);",
                "    assert_eq!(rng.state, 0xFFFFFFFFFFFFFFFF | (0xFFFFFFFFFFFFFFFE << 64));",
                "    assert_eq!(rng.increment, (0x0000000000000008 << 1) | 1);",
                "}"
            ],
            []
        ],
        [
            [
                "{",
                "    let seed: [u8; 32] = [",
                "        0, 0, 0, 0, 0, 0, 0, 0,",
                "        0, 0, 0, 0, 0, 0, 0, 0,",
                "        0, 0, 0, 0, 0, 0, 0, 0,",
                "        0, 0, 0, 0, 0, 0, 0, 1,",
                "    ];",
                "    let rng = Lcg128Xsl64::from_seed(seed);",
                "    assert_eq!(rng.increment % 2, 1); // Ensure increment is odd",
                "}"
            ],
            []
        ]
    ],
    "file_path": "/home/abezbm/rusty-unit/evaluation/rand/rusty-unit-0/rand_pcg/src/pcg128.rs"
}