{"function_name":"strsim::sorensen_dice","tests":27,"tests_lines":[7,6,3,3,3,3,3,3,5,5,5,3,3,3,3,3,3,3,3,3,3,3,3,3,3,3,3],"oracles":27,"oracles_compiled":27,"oracles_compiled_rate":100.0,"tests_compiled":27,"tests_compiled_rate":100.0,"oracles_run":27,"oracles_passed":23,"oracles_passed_rate":85.18518518518519,"tests_run":27,"tests_passed":23,"tests_passed_rate":85.18518518518519,"lines":30,"lines_covered":26,"lines_coveraged_rate":86.66666666666667,"branches":8,"branches_covered":6,"branches_coverage_rate":75.0,"codes_lines":[721,722,723,724,725,726,727,728,729,730,731,732,733,734,735,736,738,739,740,742,744,745,746,747,748,749,750,751,753,754],"codes_lines_covered":[[["{","    assert_eq!(1.0, sorensen_dice(\"apple\", \"apple\"));","    assert_eq!(1.0, sorensen_dice(\"test\", \"test\"));","    assert_eq!(1.0, sorensen_dice(\"aaa\", \"aaa\"));","    assert_eq!(1.0, sorensen_dice(\" \", \" \"));","    assert_eq!(1.0, sorensen_dice(\"hello world\", \"hello world\"));","}"],[721,722,723,724,725,726,727,728,729,754]],[["{","    assert_eq!(1.0, sorensen_dice(\" hello \", \"hello\"));","    assert_eq!(1.0, sorensen_dice(\"hello\", \" hello\"));","    assert_eq!(1.0, sorensen_dice(\" a b c \", \"a b c\"));","    assert_eq!(1.0, sorensen_dice(\"  test  \", \"test\"));","}"],[721,722,723,724,725,726,727,728,729,754]],[["{","    assert_eq!(1.0, sorensen_dice(\"\", \"\"));","}"],[721,722,723,724,725,726,727,728,729,754]],[["{","    assert_eq!(0.0, sorensen_dice(\"\", \"a\"));","}"],[721,722,723,724,725,726,727,728,730,731,732,733,754]],[["{","    assert_eq!(0.0, sorensen_dice(\"a\", \"\"));","}"],[721,722,723,724,725,726,727,728,730,731,732,733,754]],[["{","    assert_eq!(0.0, sorensen_dice(\"a\", \"b\"));","}"],[721,722,723,724,725,726,727,728,730,731,732,733,754]],[["{","    assert_eq!(0.0, sorensen_dice(\"x\", \"xyz\"));","}"],[721,722,723,724,725,726,727,728,730,731,732,733,754]],[["{","    assert_eq!(0.0, sorensen_dice(\"ab\", \"cd\"));","}"],[721,722,723,724,725,726,727,728,730,731,732,734,735,736,738,739,740,742,744,745,750,751,753,754]],[["{","    let a = \"ab\";","    let b = \"a\";","    assert_eq!(0.0, sorensen_dice(a, b));","}"],[721,722,723,724,725,726,727,728,730,731,732,733,754]],[["{","    let a = \"ab\";","    let b = \"\";","    assert_eq!(0.0, sorensen_dice(a, b));","}"],[721,722,723,724,725,726,727,728,730,731,732,733,754]],[["{","    let a = \"ab\";","    let b = \" \";","    assert_eq!(0.0, sorensen_dice(a, b));","}"],[721,722,723,724,725,726,727,728,730,731,732,733,754]],[["{","    assert_eq!(1.0, sorensen_dice(\"aa\", \"aa\"));","}"],[721,722,723,724,725,726,727,728,729,754]],[["{","    assert_eq!(0.0, sorensen_dice(\"aa\", \"bb\"));","}"],[721,722,723,724,725,726,727,728,730,731,732,734,735,736,738,739,740,742,744,745,750,751,753,754]],[["{","    assert_eq!(0.0, sorensen_dice(\"ab\", \"cd\"));","}"],[721,722,723,724,725,726,727,728,730,731,732,734,735,736,738,739,740,742,744,745,750,751,753,754]],[["{","    assert_eq!(0.5, sorensen_dice(\"ab\", \"ab\"));","}"],[721,722,723,724,725,726,727,728,729,754]],[["{","    assert_eq!(0.6666666666666666, sorensen_dice(\"ab\", \"ac\"));","}"],[721,722,723,724,725,726,727,728,730,731,732,734,735,736,738,739,740,742,744,745,750,751,753,754]],[["{","    assert_eq!(0.0, sorensen_dice(\"az\", \"by\"));","}"],[721,722,723,724,725,726,727,728,730,731,732,734,735,736,738,739,740,742,744,745,750,751,753,754]],[["{","    assert_eq!(sorensen_dice(\"ab\", \"cd\"), 0.0);","}"],[721,722,723,724,725,726,727,728,730,731,732,734,735,736,738,739,740,742,744,745,750,751,753,754]],[["{","    assert_eq!(sorensen_dice(\"ab\", \"bc\"), 0.0);","}"],[721,722,723,724,725,726,727,728,730,731,732,734,735,736,738,739,740,742,744,745,750,751,753,754]],[["{","    assert_eq!(sorensen_dice(\"ab\", \"ab\"), 1.0);","}"],[721,722,723,724,725,726,727,728,729,754]],[["{","    assert_eq!(sorensen_dice(\"ab\", \"ac\"), 0.3333333333333333);","}"],[721,722,723,724,725,726,727,728,730,731,732,734,735,736,738,739,740,742,744,745,750,751,753,754]],[["{","    assert_eq!(sorensen_dice(\"aa\", \"aa\"), 1.0);","}"],[721,722,723,724,725,726,727,728,729,754]],[["{","    assert_eq!(sorensen_dice(\" a\", \" a\"), 1.0);","}"],[721,722,723,724,725,726,727,728,729,754]],[["{","    assert_eq!(sorensen_dice(\"ab\", \"ef\"), 0.0);","}"],[721,722,723,724,725,726,727,728,730,731,732,734,735,736,738,739,740,742,744,745,750,751,753,754]],[["{","    assert_eq!(sorensen_dice(\"a\", \"b\"), 0.0);","}"],[721,722,723,724,725,726,727,728,730,731,732,733,754]],[["{","    assert_eq!(sorensen_dice(\"ab\", \"ba\"), 1.0);","}"],[721,722,723,724,725,726,727,728,730,731,732,734,735,736,738,739,740,742,744,745,750,751,753,754]],[["{","    assert_eq!(sorensen_dice(\"abab\", \"abab\"), 1.0);","}"],[721,722,723,724,725,726,727,728,729,754]]],"codes_branches":[{"start_line":746,"start_column":16,"end_line":746,"end_column":23,"positive":false,"negative":false},{"start_line":728,"start_column":8,"end_line":728,"end_column":14,"positive":true,"negative":true},{"start_line":732,"start_column":8,"end_line":732,"end_column":19,"positive":true,"negative":true},{"start_line":732,"start_column":23,"end_line":732,"end_column":34,"positive":true,"negative":true}],"codes_branches_covered":[[["{","    assert_eq!(1.0, sorensen_dice(\"apple\", \"apple\"));","    assert_eq!(1.0, sorensen_dice(\"test\", \"test\"));","    assert_eq!(1.0, sorensen_dice(\"aaa\", \"aaa\"));","    assert_eq!(1.0, sorensen_dice(\" \", \" \"));","    assert_eq!(1.0, sorensen_dice(\"hello world\", \"hello world\"));","}"],[{"start_line":746,"start_column":16,"end_line":746,"end_column":23,"positive":false,"negative":false},{"start_line":728,"start_column":8,"end_line":728,"end_column":14,"positive":true,"negative":false},{"start_line":732,"start_column":8,"end_line":732,"end_column":19,"positive":false,"negative":false},{"start_line":732,"start_column":23,"end_line":732,"end_column":34,"positive":false,"negative":false}]],[["{","    assert_eq!(1.0, sorensen_dice(\" hello \", \"hello\"));","    assert_eq!(1.0, sorensen_dice(\"hello\", \" hello\"));","    assert_eq!(1.0, sorensen_dice(\" a b c \", \"a b c\"));","    assert_eq!(1.0, sorensen_dice(\"  test  \", \"test\"));","}"],[{"start_line":746,"start_column":16,"end_line":746,"end_column":23,"positive":false,"negative":false},{"start_line":728,"start_column":8,"end_line":728,"end_column":14,"positive":true,"negative":false},{"start_line":732,"start_column":8,"end_line":732,"end_column":19,"positive":false,"negative":false},{"start_line":732,"start_column":23,"end_line":732,"end_column":34,"positive":false,"negative":false}]],[["{","    assert_eq!(1.0, sorensen_dice(\"\", \"\"));","}"],[{"start_line":746,"start_column":16,"end_line":746,"end_column":23,"positive":false,"negative":false},{"start_line":728,"start_column":8,"end_line":728,"end_column":14,"positive":true,"negative":false},{"start_line":732,"start_column":8,"end_line":732,"end_column":19,"positive":false,"negative":false},{"start_line":732,"start_column":23,"end_line":732,"end_column":34,"positive":false,"negative":false}]],[["{","    assert_eq!(0.0, sorensen_dice(\"\", \"a\"));","}"],[{"start_line":746,"start_column":16,"end_line":746,"end_column":23,"positive":false,"negative":false},{"start_line":728,"start_column":8,"end_line":728,"end_column":14,"positive":false,"negative":true},{"start_line":732,"start_column":8,"end_line":732,"end_column":19,"positive":true,"negative":false},{"start_line":732,"start_column":23,"end_line":732,"end_column":34,"positive":false,"negative":false}]],[["{","    assert_eq!(0.0, sorensen_dice(\"a\", \"\"));","}"],[{"start_line":746,"start_column":16,"end_line":746,"end_column":23,"positive":false,"negative":false},{"start_line":728,"start_column":8,"end_line":728,"end_column":14,"positive":false,"negative":true},{"start_line":732,"start_column":8,"end_line":732,"end_column":19,"positive":true,"negative":false},{"start_line":732,"start_column":23,"end_line":732,