{"function_name":"http::header::map::header::map::HeaderMap<T>::drain","tests":52,"tests_lines":[6,6,6,6,6,6,9,9,9,9,9,12,12,12,12,13,8,8,9,9,10,10,13,13,13,13,13,13,13,13,14,14,14,14,14,14,7,7,7,7,7,11,12,14,14,14,14,14,14,14,14,14],"oracles":9,"oracles_compiled":2,"oracles_compiled_rate":22.22222222222222,"tests_compiled":10,"tests_compiled_rate":19.230769230769234,"oracles_run":2,"oracles_passed":2,"oracles_passed_rate":100.0,"tests_run":10,"tests_passed":7,"tests_passed_rate":70.0,"lines":20,"lines_covered":18,"lines_coveraged_rate":90.0,"branches":1,"branches_covered":1,"branches_coverage_rate":100.0,"codes_lines":[1023,1024,1025,1026,1035,1036,1037,1038,1039,1040,1041,1042,1043,1044,1045,1046,1047,1048,1049,1050],"codes_lines_covered":[[["{","    let mut map: HeaderMap<HeaderValue> = HeaderMap::with_capacity(0);","    let drain = map.drain();","    let map: HeaderMap<HeaderValue> = HeaderMap::with_capacity(0);","    assert_eq!(drain.idx, 0);","}"],[1023,1024,1035,1036,1037,1038,1039,1040,1041,1042,1043,1044,1045,1046,1047,1048,1049,1050]],[["{","    let mut map: HeaderMap<HeaderValue> = HeaderMap::with_capacity(0);","    let drain = map.drain();","    let map: HeaderMap<HeaderValue> = HeaderMap::with_capacity(0);","    assert_eq!(drain.len, 0);","}"],[1023,1024,1035,1036,1037,1038,1039,1040,1041,1042,1043,1044,1045,1046,1047,1048,1049,1050]],[["{","    let mut map: HeaderMap<HeaderValue> = HeaderMap::with_capacity(0);","    let drain = map.drain();","    let map: HeaderMap<HeaderValue> = HeaderMap::with_capacity(0);","    assert_eq!(drain.entries, &mut [] as *mut _);","}"],[1023,1024,1035,1036,1037,1038,1039,1040,1041,1042,1043,1044,1045,1046,1047,1048,1049,1050]],[["{","    let mut map: HeaderMap<HeaderValue> = HeaderMap::with_capacity(0);","    let drain = map.drain();","    let map: HeaderMap<HeaderValue> = HeaderMap::with_capacity(0);","    assert_eq!(drain.extra_values, &mut vec![] as *mut _);","}"],[1023,1024,1035,1036,1037,1038,1039,1040,1041,1042,1043,1044,1045,1046,1047,1048,1049,1050]],[["{","    let mut map: HeaderMap<HeaderValue> = HeaderMap::with_capacity(0);","    let drain = map.drain();","    let map: HeaderMap<HeaderValue> = HeaderMap::with_capacity(0);","    assert!(drain.next.is_none());","}"],[1023,1024,1035,1036,1037,1038,1039,1040,1041,1042,1043,1044,1045,1046,1047,1048,1049,1050]],[["{","    let mut map: HeaderMap = HeaderMap::with_capacity(0);","    let drain = map.drain();","    let mut map: HeaderMap = HeaderMap::with_capacity(0);","    let drain = map.drain();","    assert_eq!(drain.idx, 0);","}"],[1023,1024,1035,1036,1037,1038,1039,1040,1041,1042,1043,1044,1045,1046,1047,1048,1049,1050]],[["{","    let mut map: HeaderMap = HeaderMap::with_capacity(0);","    let drain = map.drain();","    let mut map: HeaderMap = HeaderMap::with_capacity(0);","    let drain = map.drain();","    assert_eq!(drain.len, 0);","}"],[1023,1024,1035,1036,1037,1038,1039,1040,1041,1042,1043,1044,1045,1046,1047,1048,1049,1050]],[["{","    let mut map: HeaderMap = HeaderMap::with_capacity(0);","    let drain = map.drain();","    let mut map: HeaderMap = HeaderMap::with_capacity(0);","    let drain = map.drain();","    assert!(drain.entries.is_null());","}"],[1023,1024,1035,1036,1037,1038,1039,1040,1041,1042,1043,1044,1045,1046,1047,1048,1049,1050]],[["{","    let mut map: HeaderMap = HeaderMap::with_capacity(0);","    let drain = map.drain();","    let mut map: HeaderMap = HeaderMap::with_capacity(0);","    let drain = map.drain();","    assert!(drain.extra_values.is_null());","}"],[1023,1024,1035,1036,1037,1038,1039,1040,1041,1042,1043,1044,1045,1046,1047,1048,1049,1050]],[["{","    let mut map: HeaderMap = HeaderMap::with_capacity(0);","    let drain = map.drain();","    let mut map: HeaderMap = HeaderMap::with_capacity(0);","    let drain = map.drain();","    assert!(drain.next.is_none());","}"],[1023,1024,1035,1036,1037,1038,1039,1040,1041,1042,1043,1044,1045,1046,1047,1048,1049,1050]]],"codes_branches":[],"codes_branches_covered":[[["{","    let mut map: HeaderMap<HeaderValue> = HeaderMap::with_capacity(0);","    let drain = map.drain();","    let map: HeaderMap<HeaderValue> = HeaderMap::with_capacity(0);","    assert_eq!(drain.idx, 0);","}"],[]],[["{","    let mut map: HeaderMap<HeaderValue> = HeaderMap::with_capacity(0);","    let drain = map.drain();","    let map: HeaderMap<HeaderValue> = HeaderMap::with_capacity(0);","    assert_eq!(drain.len, 0);","}"],[]],[["{","    let mut map: HeaderMap<HeaderValue> = HeaderMap::with_capacity(0);","    let drain = map.drain();","    let map: HeaderMap<HeaderValue> = HeaderMap::with_capacity(0);","    assert_eq!(drain.entries, &mut [] as *mut _);","}"],[]],[["{","    let mut map: HeaderMap<HeaderValue> = HeaderMap::with_capacity(0);","    let drain = map.drain();","    let map: HeaderMap<HeaderValue> = HeaderMap::with_capacity(0);","    assert_eq!(drain.extra_values, &mut vec![] as *mut _);","}"],[]],[["{","    let mut map: HeaderMap<HeaderValue> = HeaderMap::with_capacity(0);","    let drain = map.drain();","    let map: HeaderMap<HeaderValue> = HeaderMap::with_capacity(0);","    assert!(drain.next.is_none());","}"],[]],[["{","    let mut map: HeaderMap = HeaderMap::with_capacity(0);","    let drain = map.drain();","    let mut map: HeaderMap = HeaderMap::with_capacity(0);","    let drain = map.drain();","    assert_eq!(drain.idx, 0);","}"],[]],[["{","    let mut map: HeaderMap = HeaderMap::with_capacity(0);","    let drain = map.drain();","    let mut map: HeaderMap = HeaderMap::with_capacity(0);","    let drain = map.drain();","    assert_eq!(drain.len, 0);","}"],[]],[["{","    let mut map: HeaderMap = HeaderMap::with_capacity(0);","    let drain = map.drain();","    let mut map: HeaderMap = HeaderMap::with_capacity(0);","    let drain = map.drain();","    assert!(drain.entries.is_null());","}"],[]],[["{","    let mut map: HeaderMap = HeaderMap::with_capacity(0);","    let drain = map.drain();","    let mut map: HeaderMap = HeaderMap::with_capacity(0);","    let drain = map.drain();","    assert!(drain.extra_values.is_null());","}"],[]],[["{","    let mut map: HeaderMap = HeaderMap::with_capacity(0);","    let drain = map.drain();","    let mut map: HeaderMap = HeaderMap::with_capacity(0);","    let drain = map.drain();","    assert!(drain.next.is_none());","}"],[]]]}