{
    "function_name": "http::uri::scheme::<uri::scheme::Scheme as std::convert::TryFrom<&'a [u8]>>::try_from",
    "tests": 20,
    "tests_lines": [
        7,
        7,
        7,
        7,
        7,
        8,
        8,
        8,
        6,
        6,
        7,
        7,
        7,
        8,
        7,
        10,
        5,
        6,
        5,
        5
    ],
    "oracles": 8,
    "oracles_compiled": 6,
    "oracles_compiled_rate": 75.0,
    "tests_compiled": 7,
    "tests_compiled_rate": 35.0,
    "oracles_run": 6,
    "oracles_passed": 4,
    "oracles_passed_rate": 66.66666666666666,
    "tests_run": 7,
    "tests_passed": 5,
    "tests_passed_rate": 71.42857142857143,
    "lines": 12,
    "lines_covered": 11,
    "lines_coveraged_rate": 91.66666666666666,
    "branches": 1,
    "branches_covered": 1,
    "branches_coverage_rate": 100.0,
    "codes_lines": [
        73,
        76,
        77,
        78,
        80,
        81,
        82,
        83,
        84,
        85,
        86,
        89
    ],
    "codes_lines_covered": [
        [
            [
                "{",
                "    let input: &[u8] = b\"http\";",
                "    let _ = Scheme::try_from(input);",
                "    let input: &[u8] = b\"http\";",
                "    let result = Scheme::try_from(input);",
                "    assert!(result.is_ok());",
                "}"
            ],
            [
                73,
                76,
                78,
                89
            ]
        ],
        [
            [
                "{",
                "    let input: &[u8] = b\"https\";",
                "    let _ = Scheme::try_from(input);",
                "    let input: &[u8] = b\"https\";",
                "    let result = Scheme::try_from(input);",
                "    assert!(result.is_ok());",
                "}"
            ],
            [
                73,
                76,
                78,
                89
            ]
        ],
        [
            [
                "{",
                "    let input: &[u8] = b\"invalidscheme12345678901234567890123456789012345678901234567890123456789012345678901234567890123456789012345678901234567890\";",
                "    let _ = Scheme::try_from(input);",
                "    let input: &[u8] = b\"invalidscheme12345678901234567890123456789012345678901234567890123456789012345678901234567890123456789012345678901234567890\";",
                "    assert_eq!(Scheme::try_from(input).is_err(), true);",
                "}"
            ],
            [
                73,
                76,
                89
            ]
        ],
        [
            [
                "{",
                "    let input: &[u8] = b\"invalidscheme12345678901234567890123456789012345678901234567890123456789012345678901234567890123456789012345678901234567890\";",
                "    let _ = Scheme::try_from(input);",
                "    let input: &[u8] = b\"invalidscheme12345678901234567890123456789012345678901234567890123456789012345678901234567890123456789012345678901234567890\";",
                "    assert_eq!(Scheme::try_from(input).unwrap_err().0, ErrorKind::SchemeTooLong);",
                "}"
            ],
            [
                73,
                76,
                89
            ]
        ],
        [
            [
                "{",
                "    let input: &[u8] = b\"invalid:scheme\";",
                "    let _ = Scheme::try_from(input);",
                "    let input: &[u8] = b\"invalid:scheme\";",
                "    let result = Scheme::try_from(input);",
                "    assert!(result.is_ok());",
                "}"
            ],
            [
                73,
                76,
                89
            ]
        ],
        [
            [
                "{",
                "    let input: &[u8] = b\"customscheme\";",
                "    let _ = Scheme::try_from(input);",
                "    let input: &[u8] = b\"customscheme\";",
                "    let result = Scheme::try_from(input);",
                "    assert!(result.is_ok());",
                "}"
            ],
            [
                73,
                76,
                80,
                81,
                82,
                83,
                84,
                85,
                86,
                89
            ]
        ],
        [
            [
                "{",
                "    let input: &[u8] = b\"customscheme12345678901234567890123456789012345678901234567890123456789012345678901234567890\";",
                "    let _ = Scheme::try_from(input);",
                "    let input: &[u8] = b\"customscheme12345678901234567890123456789012345678901234567890123456789012345678901234567890\";",
                "    let result = Scheme::try_from(input);",
                "    assert!(result.is_ok());",
                "}"
            ],
            [
                73,
                76,
                89
            ]
        ]
    ],
    "codes_branches": [],