{
    "function_name": "http::header::name::header::name::HeaderName::from_static",
    "tests": 7,
    "tests_lines": [
        4,
        5,
        3,
        3,
        3,
        5,
        4
    ],
    "oracles": 7,
    "oracles_compiled": 4,
    "oracles_compiled_rate": 57.14285714285714,
    "tests_compiled": 4,
    "tests_compiled_rate": 57.14285714285714,
    "oracles_run": 4,
    "oracles_passed": 4,
    "oracles_passed_rate": 100.0,
    "tests_run": 4,
    "tests_passed": 4,
    "tests_passed_rate": 100.0,
    "lines": 29,
    "lines_covered": 26,
    "lines_coveraged_rate": 89.65517241379311,
    "branches": 12,
    "branches_covered": 10,
    "branches_coverage_rate": 83.33333333333334,
    "codes_lines": [
        1256,
        1257,
        1258,
        1259,
        1260,
        1261,
        1262,
        1263,
        1264,
        1265,
        1267,
        1268,
        1269,
        1270,
        1271,
        1272,
        1274,
        1275,
        1276,
        1277,
        1278,
        1279,
        1280,
        1281,
        1282,
        1284,
        1285,
        1286,
        1287
    ],
    "codes_lines_covered": [
        [
            [
                "{",
                "    let custom_header: &'static str = \"custom-header\";",
                "    let hdr = HeaderName::from_static(custom_header);",
                "    assert_eq!(hdr.as_str(), \"custom-header\");",
                "}"
            ],
            [
                1256,
                1257,
                1258,
                1262,
                1263,
                1264,
                1265,
                1267,
                1268,
                1269,
                1271,
                1272,
                1282,
                1284,
                1285,
                1286,
                1287
            ]
        ],
        [
            [
                "{",
                "    HeaderName::from_static(\"\");",
                "}"
            ],
            [
                1256,
                1257,
                1258,
                1262,
                1263,
                1264,
                1274,
                1275,
                1276,
                1277,
                1278,
                1279,
                1280,
                1281,
                1282,
                1284,
                1285,
                1286,
                1287
            ]
        ],
        [
            [
                "{",
                "    HeaderName::from_static(\"InvalidHeader\");",
                "}"
            ],
            [
                1256,
                1257,
                1258,
                1262,
                1263,
                1264,
                1265,
                1267,
                1269,
                1270,
                1274,
                1275,
                1276,
                1277,
                1278,
                1279,
                1280,
                1281,
                1282,
                1284,
                1285,
                1286,
                1287
            ]
        ],
        [
            [
                "{",
                "    HeaderName::from_static(\"content{}length\");",
                "}"
            ],
            [
                1256,
                1257,
                1258,
                1262,
                1263,
                1264,
                1265,
                1267,
                1269,
                1270,
                1271,
                1272,
                1274,
                1275,
                1276,
                1277,
                1278,
                1279,
                1280,
                1281,
                1282,
                1284,
                1285,
                1286,
                1287
            ]
        ]
    ],
    "codes_branches": [
        {
            "start_line": 1258,
            "start_column": 16,
            "end_line": 1258,
            "end_column": 30,
            "positive": false,
            "negative": true
        },
        {
            "start_line": 1264,
            "start_column": 12,
            "end_line": 1264,
            "end_column": 33,
            "positive": true,
            "negative": true
        },
        {
            "start_line": 1264,
            "start_column": 37,
            "end_line": 1264,
            "end_column": 82,
            "positive": false,
            "negative": true
        },
        {
            "start_line": 1264,
            "start_column": 86,
            "end_line": 1274,
            "end_column": 10,
            "positive": true,
            "negative": true
        },
        {
            "start_line": 1267,
            "start_column": 20,
            "end_line": 1267,
            "end_column": 41,
            "positive": true,
            "negative": true
        },
        {
            "start_line": 1269,
            "start_column": 27,
            "end_line": 1269,
            "end_column": 71,
            "positive": true,
            "negative": true
        }
    ],
    "codes_branches_covered": [
        [
            [
                "{",
                "    let custom_header: &'static str = \"custom-header\";",
                "    let hdr = HeaderName::from_static(custom_header);",
                "    assert_eq!(hdr.as_str(), \"custom-header\");",
                "}"
            ],
            [
                {
                    "start_line": 1258,
                    "start_column": 16,
                    "end_line": 1258,
                    "end_column": 30,
                    "positive": false,
                    "negative": true
                },
                {
                    "start_line": 1264,
                    "start_column": 12,
                    "end_line": 1264,
                    "end_column": 33,
                    "positive": false,
                    "negative": true
                },
                {
                    "start_line": 1264,
                    "start_column": 37,
                    "end_line": 1264,
                    "end_column": 82,
                    "positive": false,
                    "negative": true
                },
                {
                    "start_line": 1264,
                    "start_column": 86,
                    "end_line": 1274,
                    "end_column": 10,
                    "positive": false,
                    "negative": true
                },
                {
                    "start_line": 1267,
                    "start_column": 20,
                    "end_line": 1267,
                    "end_column": 41,
                    "positive": true,
                    "negative": true
                },
                {
                    "start_line": 1269,
                    "start_column": 27,
                    "end_line": 1269,
                    "end_column": 71,
                    "positive": false,
                    "negative": true
                }
            ]
        ],
        [
            [
                "{",
                "    HeaderName::from_static(\"\");",
                "}"
            ],
            [
                {
                    "start_line": 1258,
                    "start_column": 16,
                    "end_line": 1258,
                    "end_column": 30,
                    "positive": false,
                    "negative": true
                },
                {
                    "start_line": 1264,
                    "start_column": 12,
                    "end_line": 1264,
                    "end_column": 33,
                    "positive": true,
                    "negative": false
                },
                {
                    "start_line": 1264,
                    "start_column": 37,
                    "end_line": 1264,
                    "end_column": 82,