{
    "function_name": "rand::distr::weighted::weighted_index::distr::weighted::weighted_index::WeightedIndex<X>::update_weights",
    "tests": 88,
    "tests_lines": [
        23,
        25,
        21,
        19,
        20,
        13,
        13,
        12,
        13,
        13,
        13,
        13,
        13,
        13,
        17,
        13,
        13,
        13,
        13,
        13,
        13,
        13,
        13,
        13,
        32,
        32,
        32,
        32,
        32,
        29,
        29,
        29,
        29,
        33,
        37,
        39,
        41,
        33,
        33,
        18,
        18,
        22,
        20,
        20,
        21,
        22,
        30,
        30,
        30,
        30,
        26,
        28,
        30,
        32,
        34,
        30,
        35,
        29,
        29,
        29,
        29,
        29,
        29,
        29,
        29,
        30,
        30,
        30,
        30,
        29,
        29,
        29,
        29,
        27,
        29,
        31,
        33,
        21,
        21,
        21,
        27,
        23,
        23,
        21,
        22,
        23,
        24,
        25
    ],
    "oracles": 39,
    "oracles_compiled": 2,
    "oracles_compiled_rate": 5.128205128205128,
    "tests_compiled": 2,
    "tests_compiled_rate": 2.272727272727273,
    "oracles_run": 2,
    "oracles_passed": 2,
    "oracles_passed_rate": 100.0,
    "tests_run": 2,
    "tests_passed": 2,
    "tests_passed_rate": 100.0,
    "lines": 71,
    "lines_covered": 23,
    "lines_coveraged_rate": 32.3943661971831,
    "branches": 20,
    "branches_covered": 3,
    "branches_coverage_rate": 15.0,
    "codes_lines": [
        159,
        160,
        161,
        162,
        163,
        164,
        165,
        166,
        167,
        168,
        169,
        170,
        171,
        172,
        173,
        174,
        175,
        176,
        177,
        178,
        179,
        180,
        181,
        182,
        183,
        184,
        185,
        186,
        187,
        188,
        190,
        191,
        193,
        195,
        196,
        197,
        199,
        200,
        201,
        203,
        204,
        205,
        206,
        207,
        208,
        209,
        210,
        211,
        212,
        213,
        214,
        215,
        217,
        219,
        220,
        221,
        222,
        223,
        224,
        225,
        226,
        227,
        228,
        229,
        231,
        232,
        235,
        236,
        237,
        238,
        239
    ],
    "codes_lines_covered": [
        [
            [
                "{",
                "    let mut weighted_index = WeightedIndex {",
                "        cumulative_weights: vec![1.0, 2.0, 3.0],",
                "        total_weight: 6.0,",
                "        weight_distribution: <f64 as SampleUniform>::Sampler::new(0.0, 6.0).unwrap(),",
                "    };",
                "",
                "    let new_weights = vec![(1, &-1.0)];",
                "    let _result = weighted_index.update_weights(&new_weights);",
                "    let mut weighted_index = WeightedIndex {",
                "    cumulative_weights: vec![1.0, 2.0, 3.0],",
                "    total_weight: 6.0,",
                "    weight_distribution: <f64 as SampleUniform>::Sampler::new(0.0, 6.0).unwrap(),",
                "    };",
                "    let new_weights = vec![(1, &-1.0)];",
                "    let _result = weighted_index.update_weights(&new_weights);",
                "    assert_eq!(_result, Err(Error::InvalidWeight));",
                "}"
            ],
            [
                159,
                160,
                161,
                162,
                163,
                164,
                165,
                166,
                168,
                169,
                170,
                171,
                172,
                173,
                174,
                175,
                176,
                177,
                178,
                182,
                183,
                184,
                239
            ]
        ],
        [
            [
                "{",
                "    let mut weighted_index = WeightedIndex {",
                "        cumulative_weights: vec![2.0, 4.0, 6.0, 8.0],",
                "        total_weight: 20.0,",
                "        weight_distribution: <f64 as SampleUniform>::Sampler::new(0.0, 20.0).unwrap(),",
                "    };",
                "",
                "    let new_weights = vec![(2, &-3.0), (3, &-2.0)];",
                "    let _result = weighted_index.update_weights(&new_weights);",
                "    let mut weighted_index = WeightedIndex {",
                "    cumulative_weights: vec![2.0, 4.0, 6.0, 8.0],",
                "    total_weight: 20.0,",
                "    weight_distribution: <f64 as SampleUniform>::Sampler::new(0.0, 20.0).unwrap(),",
                "    };",
                "    let new_weights = vec![(2, &-3.0), (3, &-2.0)];",
                "    let result = weighted_index.update_weights(&new_weights);",
                "    assert_eq!(result, Err(Error::InvalidWeight));",
                "}"
            ],
            [
                159,
                160,
                161,
                162,
                163,
                164,
                165,
                166,
                168,
                169,
                170,
                171,
                172,
                173,
                174,
                175,
                176,
                177,
                178,
                182,
                183,
                184,
                239
            ]
        ]
    ],
    "codes_branches": [
        {
            "start_line": 166,
            "start_column": 12,
            "end_line": 166,
            "end_column": 34,
            "positive": false,
            "negative": true
        },
        {
            "start_line": 178,
            "start_column": 20,
            "end_line": 178,
            "end_column": 31,
            "positive": false,
            "negative": true
        },
        {
            "start_line": 179,
            "start_column": 20,
            "end_line": 179,
            "end_column": 30,
            "positive": false,
            "negative": false
        },
        {
            "start_line": 183,
            "start_column": 16,
            "end_line": 183,
            "end_column": 29,
            "positive": true,
            "negative": false
        },
        {
            "start_line": 186,
            "start_column": 16,
            "end_line": 186,
            "end_column": 49,
            "positive": false,
            "negative": false
        },
        {
            "start_line": 190,
            "start_column": 32,
            "end_line": 190,
            "end_column": 65,
            "positive": false,
            "negative": false
        },
        {
            "start_line": 195,
            "start_column": 16,
            "end_line": 195,
            "end_column": 21,
            "positive": false,
            "negative": false
        },
        {
            "start_line": 203,
            "start_column": 12,
            "end_line": 203,
            "end_column": 32,
            "positive": false,
            "negative": false
        },
        {
            "start_line": 214,
            "start_column": 40,
            "end_line": 214,
            "end_column": 59,
            "positive": false,
            "negative": false
        },
        {
            "start_line": 221,
            "start_column": 34,
            "end_line": 221,
            "end_column": 40,
            "positive": false,
            "negative": false
        }
    ],