{
    "function_name": "fastrand::mul_high_u128",
    "tests": 7,
    "tests_lines": [
        3,
        3,
        3,
        3,
        3,
        3,
        5
    ],
    "oracles": 7,
    "oracles_compiled": 7,
    "oracles_compiled_rate": 100.0,
    "tests_compiled": 7,
    "tests_compiled_rate": 100.0,
    "oracles_run": 7,
    "oracles_passed": 5,
    "oracles_passed_rate": 71.42857142857143,
    "tests_run": 7,
    "tests_passed": 5,
    "tests_passed_rate": 71.42857142857143,
    "lines": 10,
    "lines_covered": 10,
    "lines_coveraged_rate": 100.0,
    "branches": 1,
    "branches_covered": 1,
    "branches_coverage_rate": 100.0,
    "codes_lines": [
        237,
        238,
        239,
        240,
        241,
        242,
        243,
        244,
        245,
        246
    ],
    "codes_lines_covered": [
        [
            [
                "{",
                "    assert_eq!(mul_high_u128(0, 0), 0);",
                "}"
            ],
            [
                237,
                238,
                239,
                240,
                241,
                242,
                243,
                244,
                245,
                246
            ]
        ],
        [
            [
                "{",
                "    assert_eq!(mul_high_u128(1, 1), 0);",
                "}"
            ],
            [
                237,
                238,
                239,
                240,
                241,
                242,
                243,
                244,
                245,
                246
            ]
        ],
        [
            [
                "{",
                "    assert_eq!(mul_high_u128(10, 20), 0);",
                "}"
            ],
            [
                237,
                238,
                239,
                240,
                241,
                242,
                243,
                244,
                245,
                246
            ]
        ],
        [
            [
                "{",
                "    assert_eq!(mul_high_u128(1000, 2000), 0);",
                "}"
            ],
            [
                237,
                238,
                239,
                240,
                241,
                242,
                243,
                244,
                245,
                246
            ]
        ],
        [
            [
                "{",
                "    assert_eq!(mul_high_u128(1 << 64, 1 << 64), 1);",
                "}"
            ],
            [
                237,
                238,
                239,
                240,
                241,
                242,
                243,
                244,
                245,
                246
            ]
        ],
        [
            [
                "{",
                "    assert_eq!(mul_high_u128(u128::MAX, u128::MAX), 1);",
                "}"
            ],
            [
                237,
                238,
                239,
                240,
                241,
                242,
                243,
                244,
                245,
                246
            ]
        ],
        [
            [
                "{",
                "    let a = (1 << 63) + 1;",
                "    let b = (1 << 63) + 1;",
                "    assert_eq!(mul_high_u128(a, b), 1);",
                "}"
            ],
            [
                237,
                238,
                239,
                240,
                241,
                242,
                243,
                244,
                245,
                246
            ]
        ]
    ],
    "codes_branches": [],
    "codes_branches_covered": [
        [
            [
                "{",
                "    assert_eq!(mul_high_u128(0, 0), 0);",
                "}"
            ],
            []
        ],
        [
            [
                "{",
                "    assert_eq!(mul_high_u128(1, 1), 0);",
                "}"
            ],
            []
        ],
        [
            [
                "{",
                "    assert_eq!(mul_high_u128(10, 20), 0);",
                "}"
            ],
            []
        ],
        [
            [
                "{",
                "    assert_eq!(mul_high_u128(1000, 2000), 0);",
                "}"
            ],
            []
        ],
        [
            [
                "{",
                "    assert_eq!(mul_high_u128(1 << 64, 1 << 64), 1);",
                "}"
            ],
            []
        ],
        [
            [
                "{",
                "    assert_eq!(mul_high_u128(u128::MAX, u128::MAX), 1);",
                "}"
            ],
            []
        ],
        [
            [
                "{",
                "    let a = (1 << 63) + 1;",
                "    let b = (1 << 63) + 1;",
                "    assert_eq!(mul_high_u128(a, b), 1);",
                "}"
            ],
            []
        ]
    ],
    "file_path": "/home/abezbm/rusty-unit/evaluation/fastrand/rusty-unit-0/src/lib.rs"
}